Element ID,Tag name,Name,No. clicks,Visible?,Snapshot information
50,iframe,vishub.org/excursions,17064,true,Vish Editor   •   http://vishub.org/excursions/new
11,div,Virtual Science Hub Profile Settings Sign out EnriqueHome,180,true,"created 8-2-2013   •   220 days 5 hours 5 mins   •   529 visits, 17520 clicks"
16,img,Virtual Science Hub,51,true
27,span,caret,25,true
21,i,iconnav-home,23,true
44,input,q,22,true
49,article,Home,14,true
51,a,Home,14,true
35,a,Sign out,11,true
64,button,language,8,true
18,nav,Profile Settings Sign out Enrique,6,true
3,img,feedback,5,true
20,a,vishub.org,5,true
92,div,by Carlos de Paz...,5,false
53,footer,Virtual Science Hub © 2013 conditions help language English Español 中文,4,true
86,a,Agnes Bocsok,4,false
87,button,Close Dialog,4,false
103,a,Lourdes,4,false
13,header,Virtual Science Hub Profile Settings Sign out Enrique,3,true
14,nav,Virtual Science Hub Profile Settings Sign out Enrique,3,true
17,a,Virtual Science Hub,3,true
25,i,iconnav-followers,3,true
26,a,btn-caret-dropdonw,3,true
61,a,help,3,true
65,span,language,3,true
72,img,es,3,true
85,a,Luis Vaquerizo,3,false
89,img,Excursion-42,3,false
91,div,excursión,3,false
99,ul,Virtual Science Hub © 2013 conditions help ViSH help Download user manual language English Español,3,false
12,section,Virtual Science Hub Profile Settings Sign out EnriqueHome,2,true
29,a,Profile,2,true
32,a,Settings,2,true
59,a,conditions,2,true
69,img,en,2,true
71,a,Español,2,true
94,i,iconnav-message iconnav-notification_message,2,false
101,a,Sue Murkett,2,false
24,a,vishub.org/followings,1,true
37,div,Enrique,1,true
41,div,header_search-sign-in,1,true
52,div,push,1,true
57,li,Virtual Science Hub © 2013,1,true
68,a,English,1,true
84,img,User,1,false
88,a,John Doe,1,false
90,a,Carlos de Paz...,1,false
93,a,Marisa Castiñeira,1,false
95,a,Maruzs László,1,false
96,a,Néstor Toribio Ruiz,1,false
97,a,Krishnamohan,1,false
98,a,uvTabLabel,1,false
100,button,Close Dialog,1,false
102,a,aquí,1,false
104,a,Download user manual,1,false
105,div,x,1,false
106,a,Zuzana,1,false
