Element ID,Tag name,Name,No. clicks,Visible?,Snapshot information
72,input,q,448,true,Search   •   http://vishub.org/search?q=
64,a,excursions,230,true,"created 8-2-2013   •   217 days 9 hours 21 mins   •   1292 visits, 3326 clicks"
1152,a,Ver más...,227,false
68,a,resources,161,true
62,a,all,123,true
66,a,users,120,true
70,a,activity,101,true
538,a,Follow,79,true
5,div,Virtual Science Hub Profile Settings Sign out EnriqueSearch: advanced options creation date any time,73,true
10,img,Virtual Science Hub,71,true
264,a,See more...,61,true
947,div,language English Español 中文,56,true
1277,a,excursiones,53,false
743,a,Close,50,true
948,button,language,44,true
47,a,any time,36,true
1157,input,user[email],32,false
37,article,Search: advanced options creation date any time yesterday last week last month last year all excursi,30,true
778,a,Close,30,true
4,div,Virtual Science Hub Profile Settings Sign out EnriqueSearch: advanced options creation date any time,26,true
144,img,Excursion-42,24,true
537,div,Follow,24,true
1206,input,user[password],23,false
59,div,all excursions users resources activity GridCafe : The... by Barbara Kieslinger 2 Sandra Aguirre sta,22,true
51,a,last week,21,true
15,i,iconnav-home,20,true
114,a,Nanotechnology,20,true
1281,a,todos,20,false
1200,a,Seguir,19,false
1162,input,Sign in,16,false
11,a,Virtual Science Hub,14,true
49,a,yesterday,14,true
53,a,last month,14,true
220,a,WalkthroughExcurs...,14,true
1163,a,Registrarse,14,false
148,a,Ferrets!,12,true
324,a,Interactive 3D chess game,12,true
235,a,e-Science City virtual world,11,true
1189,font,Delannoy Thierry,11,false
19,i,iconnav-followers,10,true
55,a,last year,10,true
118,a,LifeSciences,10,true
1242,a,Science Museums...,10,false
21,span,caret,9,true
290,a,Walkthrough excursion,9,true
409,a,Iberian Lynx,9,true
1192,img,3,9,false
7,header,Virtual Science Hub Profile Settings Sign out Enrique,8,true
42,span,advanced options,8,true
710,a,See details...,8,true
883,a,Close,8,true
949,span,language,8,true
1156,a,Ver detalles...,8,false
6,section,Virtual Science Hub Profile Settings Sign out EnriqueSearch: advanced options creation date any time,7,true
110,a,Raquel García Bautista,7,true
358,a,Webcam Doñana,7,true
439,a,Outer Space,7,true
456,a,Climate Time Machine,7,true
473,a,The Scale Of The Universe,7,true
866,a,See details...,7,true
1176,div,in modal-backdrop,7,false
39,label,Search:,6,true
44,li,creation date any time yesterday last week last month last year,6,true
82,a,GridCafe : The...,6,true
341,a,Explore...,6,true
452,img,Excursion-17,6,true
565,a,Diego Carrera,6,true
673,a,Evita Tasiopoulou,6,true
709,a,Close,6,true
727,a,See details...,6,true
761,a,See details...,6,true
779,a,See details...,6,true
1137,a,Nanogame,6,false
1167,a,flash,6,false
1180,a,Human Body 3D,6,false
1219,a,document,6,false
1272,a,usuarios,6,false
162,div,Introduction -...,5,true
179,a,Sandra Aguirre,5,true
234,div,e-Science City virtual world,5,true
257,a,Sue Murkett,5,true
529,img,Stream20120505-13683-1faxzaf,5,true
682,a,science,5,true
847,a,Close,5,true
1002,a,Close,5,true
1084,a,Close,5,true
1138,a,Fermin,5,false
1166,a,video,5,false
1215,a,most favorited,5,false
1222,img,Stream20120911-3319-1ahvhoz,5,false
1274,a,Cerrar,5,false
8,nav,Virtual Science Hub Profile Settings Sign out Enrique,4,true
29,a,Sign out,4,true
84,a,Barbara Kieslinger,4,true
120,a,Biotechnology,4,true
124,a,Unfollow,4,true
163,a,Introduction -...,4,true
337,img,Excursion-01,4,true
375,a,Chess: The Art of...,4,true
428,a,Biology,4,true
435,img,Excursion-24,4,true
566,img,User,4,true
708,a,→,4,true
744,a,See details...,4,true
813,a,See details...,4,true
884,a,See details...,4,true
936,a,See details...,4,true
962,img,Global,4,true
985,a,Close,4,true
1085,a,See details...,4,true
1141,a,Ana Pons,4,false
1155,a,Kitti Varga,4,false
1161,div,Icts:... by Juanjo Molinero 0 Icts:... by Juanjo Molinero 0 Icts:... by Juanjo Molinero 1 doñana.jpg,4,false
1168,img,4,4,false
1174,a,play,4,false
1184,a,Curiosity Flashcard,4,false
1212,a,1-10 slides,4,false
1214,a,most viewed,4,false
1216,a,image,4,false
1223,a,Jose Viñas,4,false
1224,a,6,4,false
1244,a,Delannoy Thierry,4,false
1247,a,vishub.org#link-modal-24,4,false
1271,a,ViSH para os novos...,4,false
26,a,Settings,3,true
71,form,main_search_form,3,true
75,div,GridCafe : The... by Barbara Kieslinger 2 Sandra Aguirre status update Testing the VISH ! Raquel Gar,3,true
191,a,Rafael García Gallego,3,true
197,a,ComputerScience,3,true
254,div,The strange new...,3,true
307,a,Doñana Views,3,true
326,a,Aldo,3,true
392,a,Enrique,3,true
394,a,Enrique,3,true
420,a,Doñana,3,true
422,a,Life-Sciences,3,true
482,div,paginate,3,true
597,img,Stream20120426-31748-laffn9,3,true
691,div,paginate,3,true
945,a,help,3,true
950,span,caret,3,true
952,a,English,3,true
955,a,Español,3,true
961,a,globalexcursion-project.eu,3,true
965,img,Facebook-logo,3,true
1139,a,TJ-II Fusion reactor,3,false
1140,div,Unfollow,3,false
1160,a,Icts:...,3,false
1173,a,Under the Microscope,3,false
1208,label,Buscar:,3,false
1218,a,audio,3,false
1220,a,embed,3,false
1221,a,e-ScienceCity,3,false
1248,a,vishub.org#link-modal-27,3,false
1250,a,vishub.org#link-modal-23,3,false
1252,a,Global Excursion,3,false
1260,a,Quick Quiz 1: The...,3,false
1268,a,Lynx - Live Webcam,3,false
1273,a,Marcelino Veiguela,3,false
1279,a,Skin cancer,3,false
1289,img,260,3,false
1295,a,Chemical Reactions,3,false
1350,a,recursos,3,false
1360,a,exkursionen,3,false
3,img,feedback,2,true
14,a,vishub.org,2,true
81,div,GridCafe : The...,2,true
119,li,Biotechnology,2,true
131,a,WalkthroughExcurs...,2,true
151,span,302 views,2,true
206,img,Juan Quemada,2,true
210,a,Juan Quemada,2,true
237,a,Agnes Szeberenyi,2,true
248,a,ComputerScience,2,true
262,img,Star-off10,2,true
320,img,Excursion-72,2,true
321,div,1,2,true
405,img,Excursion-10,2,true
483,div,Raquel García Bautista Biotechnology GridComputing LifeSciences Nanotechnology Following Unfollow,2,true
504,div,Following,2,true
528,a,Antonio Tapiador,2,true
543,img,Stream20120423-17713-7nvetx,2,true
553,a,e-learning,2,true
593,div,Enrique e-learning LifeSciencesThis is you!,2,true
659,a,E. Rennert,2,true
674,img,Stream20120426-30506-h5m9j,2,true
684,a,Education,2,true
941,li,Virtual Science Hub © 2013,2,true
956,img,es,2,true
1016,a,Close,2,true
1067,a,Close,2,true
1136,a,See details...,2,true
1153,a,Drug development and éthics,2,false
1165,a,Leaves,2,false
1171,div,←→CloseSee details...,2,false
1172,a,Example of cells...,2,false
1177,a,Brain Surface Experiment,2,false
1179,a,Nanogame.swf,2,false
1183,a,The ViSHub,2,false
1187,a,Pendulum experiment,2,false
1190,font,utilisateurs,2,false
1194,font,mois dernier,2,false
1195,font,année dernière,2,false
1199,a,Diet coke + mentos...,2,false
1204,a,I am trying to find out more about th...,2,false
1227,div,/users/enrique/excursions,2,false
1228,div,2 Nanotechnology,2,false
1241,a,EUDOXOS: Teaching...,2,false
1245,a,Virtual...,2,false
1249,a,vishub.org#link-modal-26,2,false
1253,a,vishub.org#link-modal-47,2,false
1255,a,Gina Mihai,2,false
1256,a,Les panneaux...,2,false
1263,a,Ahmet,2,false
1265,font,excursões,2,false
1276,a,138,2,false
1310,img,5,2,false
1315,ul,Virtual Science Hub © 2013 condiciones ayuda idioma English Español 中文,2,false
1316,a,Marisa Castiñeira,2,false
1317,font,Ver más ...,2,false
1325,a,Any slides,2,false
1334,a,apple.gif,2,false
1335,a,planets.gif,2,false
1344,a,uvTabLabel,2,false
1345,button,Close Dialog,2,false
1354,a,Microscope. parts and...,2,false
1356,img,Néstor Toribio Ruiz,2,false
1358,a,Folgen,2,false
1359,a,Vito Susca,2,false
1362,a,alle,2,false
1364,a,Margit Hofer,2,false
1366,a,pedro jose,2,false
1367,a,Sasa,2,false
1368,a,Jorge Moratilla,2,false
17,i,iconnav-message,1,true
18,a,vishub.org/followings,1,true
20,a,btn-caret-dropdonw,1,true
23,a,Profile,1,true
34,a,Enrique,1,true
43,ul,creation date any time yesterday last week last month last year,1,true
46,li,any time,1,true
79,a,gridcafe.org,1,true
98,a,Sandra Aguirre,1,true
106,img,Stream20120507-13407-7han3z,1,true
133,a,Daniel Gallego,1,true
145,div,2,1,true
146,li,Ferrets! by Rafael García... 302 views 3,1,true
156,img,Star-off10,1,true
175,img,Sandra Aguirre,1,true
180,div,status update TESTING,1,true
182,a,TESTING,1,true
187,img,Stream20120426-3983-10w3bqc,1,true
195,a,GridComputing,1,true
214,div,WalkthroughExcurs...by Daniel Gallego 20 views / 0,1,true
218,li,WalkthroughExcurs...by Daniel Gallego 20 views / 0,1,true
219,div,WalkthroughExcurs...,1,true
232,a,e-Science City virtual world,1,true
239,a,views /,1,true
286,img,Excursion-00,1,true
299,div,3 Doñana Views by Rafael García... 176 views 1,1,true
371,img,Excursion-81,1,true
388,img,Excursion-05,1,true
411,a,Néstor Toribio Ruiz,1,true
424,a,Nature,1,true
427,li,Biology,1,true
612,a,Demo,1,true
645,a,Juanjo Molinero,1,true
686,a,Astronomy,1,true
707,div,→,1,true
726,a,Close,1,true
760,a,Close,1,true
795,a,Close,1,true
900,a,Close,1,true
901,a,See details...,1,true
943,a,conditions,1,true
944,li,help,1,true
953,img,en,1,true
958,a,中文,1,true
959,img,zh,1,true
960,li,,1,true
986,a,See details...,1,true
1017,a,See details...,1,true
1033,a,Close,1,true
1050,a,Close,1,true
1051,a,See details...,1,true
1101,a,Close,1,true
1118,a,Close,1,true
1119,a,See details...,1,true
1135,a,Close,1,true
1142,em,"I was born in Valencia, and in this city I grew up. I got my MAB in Chemistry at the Valencia Univer",1,false
1143,div,"I was born in Valencia, and in this city I grew up. I got my MAB in Chemistry at the Valencia Univer",1,false
1144,a,victor,1,false
1145,a,MY TRIP TO TOLEDO,1,false
1146,a,Video games that...,1,false
1147,a,Problem Solving...,1,false
1148,div,modal-footer,1,false
1149,font,Tutorial excursión,1,false
1150,a,más reciente,1,false
1151,li,fecha de creación cualquier momento ayer última semana último mes último año,1,false
1154,a,sensor_map.png,1,false
1158,a,fusion.jpg,1,false
1159,a,POSTER -...,1,false
1164,a,Drogas. Viaje a...,1,false
1169,a,Tinted cells in a...,1,false
1170,a,curiosity_camera.jpg,1,false
1175,div,00:00,1,false
1178,a,Desktop Grids,1,false
1181,a,Linces en doñana,1,false
1182,img,59,1,false
1185,img,Barbara Kieslinger,1,false
1186,a,Crowdsourcing Cells,1,false
1188,font,tous,1,false
1191,font,excursions,1,false
1193,font,"la semaine dernière,",1,false
1196,font,Démo,1,false
1197,font,Evita Tasiopoulou,1,false
1198,font,29,1,false
1201,a,excurion_vish2.png,1,false
1202,a,excurion_vish3.png,1,false
1203,a,Discurso del Presidente de Uruguay José Mugica,1,false
1205,a,Hamad,1,false
1207,a,El Lince Iberico,1,false
1209,a,corazon.jpg,1,false
1210,a,POSTER - THE...,1,false
1211,li,slides Any slides 1-10 slides 10-20 slides 20+ slides,1,false
1213,li,newest,1,false
1217,a,link,1,false
1225,a,music experiments,1,false
1226,a,Earthquake discovery,1,false
1229,a,zahlut,1,false
1230,a,Patricia Barciela,1,false
1231,a,oubella,1,false
1232,a,Irina Vasilescu,1,false
1233,a,Mirta levin,1,false
1234,a,Laura Polenta,1,false
1235,a,Elena Cedenilla Magán,1,false
1236,a,jesperrud,1,false
1237,a,Lydia,1,false
1238,a,Matilde Cedenilla,1,false
1239,a,Maarja Kask,1,false
1240,a,Anabela,1,false
1243,a,IRIS - Lessons...,1,false
1246,a,C:\fakepath\nanot...,1,false
1251,a,JUAN ANTONIO...,1,false
1254,a,icts.ebd.csic.es/ListarVideosAction.do?base=menuB.imagenSonidos&principal=menu.videos&idSeccion=65,1,false
1257,a,BARTHOLEYNS Jean-Pierre,1,false
1258,a,Magnetic Resonance...,1,false
1259,img,Stream20120507-17935-1muhjgt,1,false
1261,a,Testing!,1,false
1262,a,BIFI - RRLAB Pendulum,1,false
1264,div,Texto original,1,false
1266,font,Seguir,1,false
1267,a,Eliza,1,false
1269,a,ViSH for iOS,1,false
1270,a,"Great resource, really like the live webcam!",1,false
1275,div,Following Unfollow←→CerrarVer detalles...,1,false
1278,a,Cáncer de piel,1,false
1280,img,8621529370_6ba8401e12,1,false
1282,div,Sign-up,1,false
1283,a,C:\fakepath\IMG_0085.jpg,1,false
1284,a,C:\fakepath\IMG_0087.MOV,1,false
1285,a,marmitas de...,1,false
1286,a,el-cauce-del-rio-...,1,false
1287,a,tomar_sol.jpg,1,false
1288,a,video deteccion...,1,false
1290,a,diadelaciencia.jpg,1,false
1291,div,picture-modal-body-579,1,false
1292,a,C:\fakepath\Group...,1,false
1293,a,results G1.jpg,1,false
1294,div,picture-modal-body-396,1,false
1296,a,Quake-Catcher...,1,false
1297,a,INTRODUCCIÓN A LA...,1,false
1298,img,2,1,false
1299,a,"Aula ""Experimenta""",1,false
1300,img,2013-02-16_14.24.0720130313-5332-jcu2pi,1,false
1301,div,http://youtu.be/Eotij8uZ3g0,1,false
1302,font,Todos,1,false
1303,font,Recursos,1,false
1304,font,atividade,1,false
1305,a,HOBOS - HOneyBee...,1,false
1306,font,WalkthroughExcurs ...,1,false
1307,font,Cerrar,1,false
1308,font,Más VISTO,1,false
1309,a,WalkthroughExcursion_4,1,false
1311,font,VER DETALLES ...,1,false
1312,a,...you. I am preparing new Experiments that we did this Science...,1,false
1313,img,6,1,false
1314,a,kvéd3.JPG,1,false
1318,font,excursiones,1,false
1319,font,El desarrollo de fármacos y ética,1,false
1320,div,Texto originalVer más...Sugiere una traducción mejor,1,false
1321,a,Bologna towers,1,false
1322,a,Erdőirtás,1,false
1323,a,Maconka - reservoir,1,false
1324,a,Bisel method in Hungary,1,false
1326,a,Become an Alchemist,1,false
1327,a,WebRTC,1,false
1328,a,srg-iii-pov-animation2.gif,1,false
1329,a,PhET Logo.gif,1,false
1330,a,corn.gif,1,false
1331,a,tomato.gif,1,false
1332,a,garlic.gif,1,false
1333,a,brocoli.gif,1,false
1336,a,occupation_computer3.gif,1,false
1337,a,animationpendulum.gif,1,false
1338,a,Tower_of_Hanoi_4.gif,1,false
1339,a,Caroline Neuberg,1,false
1340,a,552161_426959214006125_111955562_n.jpg,1,false
1341,div,←→CerrarVer detalles...,1,false
1342,div,embed-footer-5,1,false
1343,div,embed-modal-body-5,1,false
1346,a,Carta de F. Crick...,1,false
1347,a,James Watson:...,1,false
1348,a,crispin,1,false
1349,div,Forgot you password? Register,1,false
1351,a,Creation of...,1,false
1352,div,Nothing found,1,false
1353,a,The city of sciences &...,1,false
1355,a,Luis Vaquerizo,1,false
1357,a,ViSH for InGenious...,1,false
1361,a,die moisten Slides,1,false
1363,a,Mehr ansehen...,1,false
1365,a,Romanus,1,false
1369,a,Iberian Lynx Video,1,false
1370,a,Hillaryb,1,false
1371,a,Nnje22BEhe,1,false
1372,a,bryan montenegro,1,false
1373,a,Xkqg68CJug,1,false
1374,a,Angelinac,1,false
1375,a,Pnve21UQip,1,false
1376,a,Annanelyc,1,false
1377,a,Enfr06CKqi,1,false
1378,a,Barbieec,1,false
1379,a,Gjie43OPon,1,false
1380,a,Torete,1,false
1381,a,wish,1,false
1382,a,Jane Smith,1,false
1383,a,Reza,1,false
1384,a,danielaambrosi,1,false
1385,a,bluencinetic,1,false
1386,a,Corrado Gamberonci,1,false
1387,a,1,1,false
1388,a,Ruth Silva Loewenstein,1,false
1389,a,Mathematical games,1,false
1390,a,PhET: Des...,1,false
1391,a,MiniPrep. Purificación...,1,false
