Element ID,Tag name,Name,No. clicks,Visible?,Snapshot information
106,a,followers,21,true,Followers   •   http://vishub.org/followings
18,a,vishub.org/followings,20,true,"created 8-2-2013   •   199 days 23 hours 34 mins   •   132 visits, 274 clicks"
104,a,following,18,true
111,input,filter,15,true
851,a,Follow,14,true
982,a,Close,11,true
830,a,Follow,10,true
15,i,iconnav-home,9,true
21,span,caret,9,true
38,input,q,9,true
853,a,view all,9,true
1387,a,Seguir,9,false
10,img,Virtual Science Hub,7,true
113,a,find,7,true
850,div,Follow,7,true
891,a,view all,5,true
52,a,Profile,4,true
133,a,Unfollow,4,true
1381,a,Nanotechnology,4,false
23,a,Profile,3,true
26,a,Settings,3,true
123,a,Barbara Kieslinger,3,true
829,div,Follow,3,true
1051,a,See details...,3,true
1377,div,in modal-backdrop,3,false
1388,a,Perfil,3,false
8,nav,Virtual Science Hub Profile Settings Sign out Enrique,2,true
17,i,iconnav-message,2,true
19,i,iconnav-followers,2,true
112,div,find,2,true
267,a,Jose Viñas,2,true
508,a,Claudia Magdalena Fabian,2,true
1068,a,See details...,2,true
1136,a,See details...,2,true
1203,a,Close,2,true
1255,a,See details...,2,true
1380,li,Showing the first 0 results.See more results for vaclav >,2,false
11,a,Virtual Science Hub,1,true
14,a,vishub.org,1,true
20,a,btn-caret-dropdonw,1,true
29,a,Sign out,1,true
101,div,following followers find Barbara Kieslinger followers: 27 following: 23 Following Unfollow Evita Tas,1,true
141,a,Evita Tasiopoulou,1,true
195,a,Agnes Szeberenyi,1,true
249,a,Néstor Toribio Ruiz,1,true
264,img,Stream20120911-3319-1ahvhoz,1,true
271,a,20,1,true
372,img,Stream20120706-3674-1ppqpef,1,true
375,a,Jonathan Schofield,1,true
379,a,11,1,true
807,section,Suggestions Daniel Gallego followers: 24 following: 6 Follow ViSH followers: 13 following: 3 Follow,1,true
847,a,3,1,true
866,li,"Iberian Lynx This excursion is about the Iberian Lynx, one of the most endangered cat species in the",1,true
880,img,Excursion-00,1,true
903,button,language,1,true
910,a,Español,1,true
917,hr,Raquel García Bautista,1,true
932,a,See details...,1,true
1067,a,Close,1,true
1084,a,Close,1,true
1289,a,See details...,1,true
1378,a,2,1,false
1379,a,BARTHOLEYNS Jean-Pierre,1,false
1382,div,Following Unfollow←→CloseSee details...,1,false
1383,li,Nanotechnology,1,false
1384,i,iconnav-quiz,1,false
1385,a,1 siguiendo,1,false
1386,img,Jose Viñas,1,false
1389,a,Crowdsourcing Cells,1,false
1390,a,1 followers,1,false
1391,div,keres,1,false
1392,a,Profil,1,false
1393,div,Francesb followers: 0 following: 0 Follow,1,false
1394,a,Tamás Varga,1,false
1395,a,ViSH for InGenious teachers,1,false
1396,a,0 followers,1,false
