Element ID,Tag name,Name,No. clicks,Visible?,Snapshot information
50,a,my,763,true,Home   •   http://vishub.org/home
64,a,add,328,true,"created 8-2-2013   •   220 days 9 hours 1 min   •   3205 visits, 7071 clicks"
52,a,forMe,317,true
37,input,q,222,true
4,div,Virtual Science Hub Profile Settings Sign out Enrique network my forMe excursions add 7 Iberian Lynx,209,true
48,a,network,201,true
20,span,caret,156,true
176,a,my,150,true
432,a,my,147,true
141,a,view all,115,true
62,input,filter,114,true
476,a,vishub.org/users/jose-vinas,108,true
333,a,find,84,true
749,a,Close,84,true
28,a,Sign out,80,true
442,input,post[text],77,true
1206,a,ver todos,74,false
430,a,network,70,true
190,a,upload,65,true
1195,a,X,65,false
331,input,filter,64,true
14,i,iconnav-home,63,true
56,div,excursions,63,true
178,a,forMe,63,true
493,a,See details...,62,true
662,a,See more...,62,true
697,a,Close,61,true
1455,a,Marisa Castiñeira,58,false
324,a,followers,56,true
1194,div,X,55,false
55,img,Star-menu-active,53,true
9,img,Virtual Science Hub,52,true
291,a,view all,52,true
42,article,network my forMe excursions add 7 Iberian Lynx by Néstor Toribio Ruiz 488 views 13 / 2 BIFI - RRLAB,51,true
1189,a,How to create an excursion,49,false
454,input,Post,46,true
65,i,icontool16-tool16_more,40,true
373,a,view all,38,true
418,a,view all,37,true
72,img,Excursion-10,35,true
76,a,Iberian Lynx,35,true
188,input,filter,35,true
19,a,btn-caret-dropdonw,32,true
33,a,Enrique,32,true
158,a,view all,32,true
174,a,network,32,true
182,div,resources,32,true
322,a,following,32,true
126,img,Excursion-81,31,true
1208,a,Ver detalles...,31,false
63,div,add,30,true
16,i,iconnav-message,28,true
1293,div,Signed in successfully.,28,false
1565,a,Carolina,28,false
1156,button,language,26,true
54,a,vishub.org#ex-4,25,true
1157,span,language,25,true
108,img,Excursion-06,24,true
1233,div,Aquí podrás ver las excursiones creadas por la gente a quien sigues. Encuentra otros usuarios a segu,23,false
1248,a,See more...,23,false
18,i,iconnav-followers,22,true
94,a,BIFI - RRLAB Pendulum,21,true
1254,a,ViSH for new teachers,21,false
153,div,Viewed by users sharing your interests:,20,true
1272,a,tina michetti,20,false
25,a,Settings,19,true
1222,div,in modal-backdrop,19,false
681,a,See details...,17,true
11,nav,Profile Settings Sign out Enrique,16,true
1244,div,user,16,false
1245,a,El Lince Ibérico,16,false
152,a,view all,15,true
22,a,Profile,14,true
452,img,Adjuntar,14,true
463,a,Enrique,14,true
1160,a,English,14,true
1216,a,Human Body 3D,14,false
1247,a,Genetic Engineering protocol,14,false
1263,div,excursión,14,false
10,a,Virtual Science Hub,13,true
170,div,row,13,true
181,img,Star-menu-active,13,true
447,textarea,document[description],13,true
545,a,See details...,13,true
1204,input,评论,13,false
1236,img,Draft,13,false
1485,a,Become an Alchemist,13,false
5,section,Virtual Science Hub Profile Settings Sign out Enrique network my forMe excursions add 7 Iberian Lynx,12,true
1186,a,Curiosity...,12,false
1239,a,Crowdsourcing Cells,12,false
1351,a,Ana Pons,12,false
1515,a,Everything about ViSH,12,false
1517,p,We have deployed a new version of ViSH. You will find new functionalities all around. We hope you li,12,false
180,a,vishub.org#repo-4,11,true
365,img,User,11,true
1158,span,caret,11,true
1530,a,here,11,false
1587,a,Lourdes,11,false
1599,a,Demo,11,false
424,button,×,10,true
469,a,Comment,10,true
679,a,→,10,true
743,img,Star-off,10,true
1213,a,Barbara Kieslinger,10,false
1231,a,Diet coke + mentos (Dispenser): Snack Experiments,10,false
1336,a,Cerrar,10,false
1522,p,Uploaded by Kitti Varga via Vish Editor,10,false
7,nav,Virtual Science Hub Profile Settings Sign out Enrique,9,true
59,div,add 7 Iberian Lynx by Néstor Toribio Ruiz 488 views 13 / 2 BIFI - RRLAB Pendulum by Sandra Aguirre 7,9,true
433,div,timeline,9,true
451,button,attachFileButton,9,true
1256,a,Delannoy Thierry,9,false
1299,div,by Enrique,9,false
1392,a,Geomorfología Litoral-Rodrigo Rubiños y Jorge Fernandez,9,false
1417,a,Zsoltné Fekete,9,false
189,div,upload,8,true
325,div,contacts,8,true
334,img,Icon-follower,8,true
446,input,document[title],8,true
1176,a,one draft to delete,8,false
1203,textarea,comment[text],8,false
1339,iframe,vishub.org/about:blank,8,false
1343,a,4,8,false
1558,p,An effective K-12 science education is essential to succeed in future phases of the curriculum and t,8,false
1629,a,ViSH for InGenious teachers,8,false
1643,a,InGenious Practices,8,false
13,a,vishub.org,7,true
30,div,Enrique,7,true
169,a,view all,7,true
448,input,document[file],7,true
480,a,Jose Viñas,7,true
656,a,Comment,7,true
677,a,←,7,true
891,a,See details...,7,true
1177,a,Fermin,7,false
1181,a,Ferrets!,7,false
1214,div,0 unread,7,false
1228,a,Drogas. Viaje a ninguna parte.,7,false
1333,a,play,7,false
1363,a,nurialro,7,false
1371,a,Agnes Bocsok,7,false
1388,font,mis,7,false
1389,a,Geomorfología - Modelado glaciar.,7,false
1418,img,733,7,false
1425,a,Marianna Fenyvesi,7,false
6,header,Virtual Science Hub Profile Settings Sign out Enrique,6,true
90,img,Excursion-46,6,true
370,img,Stream20120426-30506-h5m9j,6,true
425,p,"In the course of February, the GLOBAL excursion project is organizing two live online sessions with",6,true
732,a,See details...,6,true
785,a,See details...,6,true
1023,a,Close,6,true
1163,a,Español,6,true
1307,a,Webcam Doñana,6,false
1311,a,L'évolution,6,false
1330,hr,Aldo y Agnes Szeberenyi están siguiéndose,6,false
1344,a,Geomorfología Fluvial,6,false
1377,a,pruebas de embeber,6,false
1387,div,TT_Close_Btn,6,false
1391,a,Riesgos Geológicos,6,false
1400,a,Air rocket,6,false
1520,a,Virtual Tour Doñana,6,false
1555,p,The Virtual Science Hub,6,false
3,img,feedback,5,true
36,form,header_search_form,5,true
45,div,network my forMe excursions add 7 Iberian Lynx by Néstor Toribio Ruiz 488 views 13 / 2 BIFI - RRLAB,5,true
144,input,filter,5,true
302,a,view all,5,true
307,a,view all,5,true
350,img,User,5,true
355,img,Stream20120911-3319-1ahvhoz,5,true
369,a,vishub.org#user-modal-evita-tasiopoulou,5,true
395,img,Stream20120427-31397-1qgd2hr,5,true
426,a,www.globalexcursion-project.eu/?p=622,5,true
460,img,Enrique,5,true
784,a,Close,5,true
942,a,See details...,5,true
992,a,Close,5,true
1010,a,See details...,5,true
1221,img,Stream20120426-3983-kmwm7,5,false
1224,a,Earth layers,5,false
1246,a,Perfil,5,false
1251,a,Los pulmones,5,false
1265,a,The ViSHub,5,false
1271,a,mars-low-ridge_1070_600x450.jpg,5,false
1280,img,Aldo,5,false
1302,button,Close Dialog,5,false
1324,p,Activities that have been done in ViSH,5,false
1468,a,En busca del ADN,5,false
1584,a,Introduction to Android,5,false
1611,a,Microscope. parts and functions,5,false
79,span,488 views,4,true
110,li,Rob Kesseler by crispin 49 views 2 /,4,true
127,div,5,4,true
138,img,Star-off10,4,true
423,div,Announcement,4,true
664,div,push,4,true
1219,div,img,4,false
1226,img,Juan Quemada,4,false
1250,p,Diagrama de un corazón humano,4,false
1252,a,corazon.jpg,4,false
1261,img,394,4,false
1332,a,Iberian Lynx Video,4,false
1366,a,mashme tv,4,false
1419,img,735,4,false
1444,a,Microscopio óptico virtual,4,false
1452,a,Tamás Varga,4,false
1476,font,tomar_sol.jpg,4,false
1575,a,ViSH Viewer (INTED 2013),4,false
1588,a,Abel,4,false
1637,a,SHELL_inGenious-Superbenz_Workshops_ES.pdf,4,false
32,img,Enrique,3,true
73,div,7,3,true
109,div,12,3,true
120,img,Star-off10,3,true
130,a,Chess: The Art of Learning,3,true
131,div,by Aldo,3,true
208,img,Star-off10,3,true
250,a,Aldo,3,true
266,a,Jose Viñas,3,true
272,img,Star-off10,3,true
319,div,following followers contacts find view all find view all,3,true
332,div,find,3,true
449,div,tools_activity,3,true
540,a,AS Biology_ all chapters.ppt,3,true
731,a,Close,3,true
959,a,See details...,3,true
975,a,Close,3,true
1149,li,Virtual Science Hub © 2013,3,true
1153,a,help,3,true
1198,li,Mostrando los primeros 7 resultados.Más resultados para sd >,3,false
1217,img,color_pick_click_box,3,false
1223,a,Desktop Grids,3,false
1230,a,Climate Time Machine,3,false
1241,a,cirujano.jpg,3,false
1253,hr,Aldo y Enrique están siguiéndose,3,false
1264,a,Solar eclipse,3,false
1283,section,red mistimelineTítulo Tu timeline está vacío ¡Bienvenido al Virtual Science Hub! Desde aquí podrás c,3,false
1285,a,corazon.jpeg,3,false
1292,a,Antonio Tapiador,3,false
1294,a,plant4.JPG,3,false
1301,img,image,3,false
1310,a,slide1.pptx,3,false
1313,a,Identificación bacteriana,3,false
1342,a,Carlos de Paz Villasenin,3,false
1346,a,POSTER - THE NANOSCALE.pdf,3,false
1378,a,Lagartos en ecosistemas insulares.mp4,3,false
1399,img,8621529370_6ba8401e12,3,false
1402,a,ViSH para os novos profesores,3,false
1411,a,GLOBAL excursion presentation,3,false
1426,a,Ferenc Gembiczki,3,false
1431,img,751,3,false
1454,a,MiniPrep. Purificación de ADN plasmídico (plasmid DNA purification),3,false
1479,div,picture-modal-body-394,3,false
1483,a,Bat in the caves,3,false
1486,a,SCIENCE ON STAGE - BECOME AN...,3,false
1488,a,mvc.png,3,false
1497,a,testing the drinking water,3,false
1507,a,Earthquake discovery,3,false
1518,img,893,3,false
1519,a,Social media icons,3,false
1521,a,Download user manual,3,false
1526,a,Liwa_desert.jpg,3,false
1527,div,/excursions/6,3,false
1541,a,nanotech example image,3,false
1546,a,how_much_water_does_your_family_sepnd.pdf,3,false
1556,p,Uploaded by Aldo via Vish Editor,3,false
1568,a,garciap819,3,false
1598,a,Alle ansehen,3,false
1605,i,iconnav-quiz,3,false
1646,a,image.jpg,3,false
78,a,Néstor Toribio Ruiz,2,true
102,img,Star-on10,2,true
185,div,upload Iberianlynx1.jpgby Aldo 3 views / 0 Los sospechosos no habituales.jpgby Jose Viñas 4 views /,2,true
191,i,icontool16-tool16_arrow_7,2,true
199,div,Iberianlynx1.jpg,2,true
280,a,video deteccion precoz.jpg,2,true
288,img,Star-off10,2,true
345,img,Stream20120628-30969-1b3vpzi,2,true
394,a,vishub.org#user-modal-victor-sanchez,2,true
437,div,Title,2,true
467,div,3 days ago,2,true
477,img,Jose Viñas,2,true
511,img,burhan,2,true
520,a,Comment,2,true
585,div,9 days agoComment,2,true
661,div,See more...,2,true
680,a,Close,2,true
715,a,See details...,2,true
873,a,Close,2,true
925,a,See details...,2,true
951,div,Follow,2,true
1145,footer,Virtual Science Hub © 2013 conditions help language English Español 中文,2,true
1151,a,conditions,2,true
1164,img,es,2,true
1166,a,中文,2,true
1170,img,Global,2,true
1178,input,user[email],2,false
1179,input,user[password],2,false
1182,img,Excursion-vish,2,false
1183,p,Gocess.com,2,false
1184,a,Registrarse,2,false
1187,button,Close Dialog,2,false
1188,div,tooltip-arrow,2,false
1190,a,curiosity.jpg,2,false
1199,a,ViSH,2,false
1207,a,Luis Vaquerizo,2,false
1209,div,"This is your timeline. You can upload and share images, videos, links and more.",2,false
1211,a,Chemical Reactions,2,false
1212,a,3dwallpapers014-1.jpeg,2,false
1215,a,TJ-II Fusion reactor,2,false
1218,a,Drug development and éthics,2,false
1220,a,KOPI architecture,2,false
1227,a,5,2,false
1229,img,Fermin,2,false
1235,a,Diego Carrera,2,false
1240,a,Nanogame,2,false
1242,ul,English Español 中文,2,false
1243,a,Ibercivis,2,false
1262,a,Pulmones,2,false
1273,a,Hamad,2,false
1275,img,417,2,false
1276,a,music experiments,2,false
1279,div,picture-modal-body-417,2,false
1296,a,Petra Bohackova,2,false
1304,a,Les panneaux photovoltaïques,2,false
1305,hr,Diego Carrera y Victor Hugo Bazán están siguiéndose,2,false
1317,a,Magnetic Resonance Imaging of Foods (Mobile),2,false
1318,i,iconnav-message iconnav-notification_message,2,false
1319,a,Bologna towers,2,false
1320,a,Swiss Nano Cube: Nanorama-Loft,2,false
1321,img,2013-02-16_14.24.0720130313-5332-jcu2pi,2,false
1322,hr,Diego Carrera y Antonio Tapiador están siguiéndose,2,false
1323,div,hace 6 díasComentar,2,false
1325,div,Jose Viñas 13 ViSH for new teachers Activities that have been done in ViSH Ver detalles... hace alre,2,false
1328,p,Uploaded by Jose Viñas via Vish Editor,2,false
1329,p,Testing a remote pendulum,2,false
1331,em,Este usuario no ha actualizado su biografía.,2,false
1334,div,jp-seek-bar,2,false
1337,div,Diego Carrera y Antonio Tapiador están siguiéndose hace 8 díasComentar,2,false
1340,div,fbInspectFrame,2,false
1345,textarea,link[description],2,false
1352,a,Picture 2.png,2,false
1354,a,Cáncer de piel,2,false
1356,div,You have no favorite excursions yet. Mark any excursion as favorite by clicking the star icon,2,false
1357,a,Astronomy,2,false
1359,div,picture-modal-body-579,2,false
1360,a,Marcelino Veiguela,2,false
1370,a,Helena,2,false
1381,a,Doñana Views,2,false
1393,a,Juan Quemada,2,false
1394,div,TT_Bg,2,false
1397,a,valle u.JPG,2,false
1398,a,vishub.org#document-modal-341,2,false
1403,a,progra7.jpg,2,false
1404,a,Air Time - Malaspina Glacier & Mount Saint Elias.jpg,2,false
1410,a,green_earth-300x300.png,2,false
1412,a,Maruzs László,2,false
1413,div,2 days agoComment1 views / 0,2,false
1420,a,#officedoc-modal-95,2,false
1422,img,738,2,false
1427,a,1.JPG,2,false
1439,img,Logocivis,2,false
1440,a,Water Bottle Rocket,2,false
1443,a,uvTabLabel,2,false
1445,a,Ramses II in the British Museum,2,false
1459,a,Vish Editor Demo,2,false
1465,a,Small important places in the World Why?,2,false
1474,a,ciudad AC.png,2,false
1482,font,VER DETALLES ...,2,false
1496,a,Planteamos situaciones.jpg,2,false
1498,div,picture-modal-body-113,2,false
1501,a,C:\fakepath\IMG_0086.jpg,2,false
1503,img,116,2,false
1512,a,gr,2,false
1516,a,facebook.png,2,false
1523,a,Testing ViSH Editor,2,false
1524,a,Outer Space,2,false
1542,div,picture-modal-body-22,2,false
1547,a,Zuzana,2,false
1550,a,Example of cells as seen on the...,2,false
1559,a,theo,2,false
1561,a,750px-BlackHole.jpg,2,false
1563,img,870,2,false
1593,img,Fernando,2,false
1595,i,icon_repository75-75_link,2,false
1604,img,378_34472293515_2293_n20130607-21872-1uoa1ev,2,false
1606,a,barajas.swf,2,false
1613,a,Quick Quiz 1: The Periodic Table,2,false
1618,p,A flashcard related with the microscope,2,false
1625,img,Stream20120505-13683-1faxzaf,2,false
1626,a,Gato Link y punto rojo,2,false
1631,a,giant_turtle.jpg,2,false
1639,a,Vito Susca,2,false
1645,a,Varga Nikolett,2,false
2,a,vishub.org/javascript:return,1,true
15,a,vishub.org/messages,1,true
34,div,header_search-sign-in,1,true
60,div,add,1,true
74,li,Iberian Lynx by Néstor Toribio Ruiz 488 views 13 /,1,true
84,img,Star-on10,1,true
91,div,2,1,true
97,span,70 views,1,true
111,div,Rob Kesseler,1,true
115,span,49 views,1,true
142,div,add,1,true
151,div,view all,1,true
161,input,filter,1,true
173,li,network,1,true
203,span,3 views / 0,1,true
217,div,by Jose Viñas,1,true
218,a,Jose Viñas,1,true
232,a,Grid Computing,1,true
233,div,by Rafael García Gallego,1,true
248,a,komodo-dragon.jpg,1,true
264,a,clase cinturon de fuego,1,true
265,div,by Jose Viñas,1,true
294,input,filter,1,true
328,div,find view all,1,true
340,img,Stream20120516-16128-1240wxq,1,true
360,img,Stream20120426-3983-10w3bqc,1,true
421,section,"Announcement × In the course of February, the GLOBAL excursion project is organizing two live online",1,true
422,article,"Announcement × In the course of February, the GLOBAL excursion project is organizing two live online",1,true
431,li,my,1,true
440,form,new_post,1,true
464,a,Jonathan Schofield,1,true
488,li,adn adn practice See details...,1,true
489,div,adn,1,true
492,p,See details...,1,true
518,div,4 days ago,1,true
537,i,icon75-default,1,true
547,div,7 days ago,1,true
554,img,Star-off10,1,true
616,a,Jose Viñas,1,true
617,a,Rafael García Gallego,1,true
655,div,Comment,1,true
671,div,Following Unfollow,1,true
673,div,Following,1,true
675,div,←→CloseSee details...,1,true
676,div,←,1,true
678,div,→,1,true
802,a,Close,1,true
838,a,See details...,1,true
855,a,Close,1,true
890,a,Close,1,true
941,a,Close,1,true
1009,a,Close,1,true
1014,img,Loading,1,true
1015,div,This is you!←→CloseSee details...,1,true
1040,a,Close,1,true
1127,a,See details...,1,true
1146,div,Virtual Science Hub © 2013 conditions help language English Español 中文,1,true
1155,div,language English Español 中文,1,true
1161,img,en,1,true
1169,a,globalexcursion-project.eu,1,true
1173,img,Facebook-logo,1,true
1175,img,Twitter,1,true
1180,a,BlackandWhiteGlassChess-long goodbye.png,1,false
1185,div,Curiosity...,1,false
1191,a,iberian_title.jpg,1,false
1192,a,picosEuropa.jpg,1,false
1193,a,MY TRIP TO TOLEDO,1,false
1196,a,Powered by UserVoice,1,false
1197,input,Ingresar,1,false
1200,a,WalkthroughExcursion_1,1,false
1201,a,WalkthroughExcursion_5a,1,false
1202,a,andromeda.png,1,false
1205,div,qqct dadsf less than a minute 之前,1,false
1210,a,ViSH for iOS,1,false
1225,img,308,1,false
1232,a,Screen Shot 2013-02-21 at 5.49.01 PM.png,1,false
1234,p,"Durante febrero, el proyecto GLOBAL excursion va a organizar dos sesiones online con científicos. Má",1,false
1237,img,389,1,false
1238,a,Doñana en profundidad,1,false
1249,a,47004_484104841643427_2015992434_n.jpg,1,false
1255,font,Comment créer une excursion,1,false
1257,font,trouver,1,false
1258,a,url.jpeg,1,false
1259,img,408,1,false
1260,img,407,1,false
1266,hr,#user-modal-aydin,1,false
1267,a,Emilio Castro Otero,1,false
1268,div,/users/sean,1,false
1269,img,411,1,false
1270,img,410,1,false
1274,i,icon_repository75-75_embed,1,false
1277,a,Nanotechnology - Benefits and risksPresentation.pdf,1,false
1278,a,WalkthroughExcursion_7b,1,false
1281,a,agomet,1,false
1282,a,Cinturón de fuego,1,false
1284,div,añadir 4 Diet coke + mentos (Dispenser): Snack Experiments by Marisa Castiñeira 1 visitas 4 Extracci,1,false
1286,a,Pendulum experiment,1,false
1287,header,Aldo y Enrique están siguiéndose,1,false
1288,div,Aldo y Enrique están siguiéndose hace alrededor de 3 horasComentar,1,false
1289,div,hace alrededor de 3 horasComentar,1,false
1290,hr,Laura Polenta añadió Jose Viñas como contacto.,1,false
1291,header,Laura Polenta añadió Jose Viñas como contacto.,1,false
1295,a,WalkthroughExcursion_2,1,false
1297,a,The Scale Of The Universe,1,false
1298,a,Skin cancer,1,false
1300,hr,Petra Bohackova added Sue Murkett as contact.,1,false
1303,a,POSTER - NANOTECHNOLOGY IN MEDICINE.pdf,1,false
1306,img,Bild_201120121022-5279-1qnpxxq,1,false
1308,a,Introduction - Virtual world portal,1,false
1309,img,Delannoy Thierry,1,false
1312,hr,Chatzigiannis,1,false
1314,a,virtualexperiment_1.swf,1,false
1315,a,oneon0.2.swf,1,false
1316,a,Nuevo material EL GRAFENO pantalla flexible,1,false
1326,div,janos bolyai mathematician_mp4 - YouTube.mhtby Agnes Bocsok 10 visitas / 0,1,false
1327,a,Explore VolunteerCcomputing!,1,false
1335,a,pause,1,false
1338,div,Diego Carrera y Antonio Tapiador están siguiéndose hace 8 díasComentar,1,false
1341,a,Siembra en placa,1,false
1347,img,542,1,false
1348,a,mashmetv.jpg,1,false
1349,a,Introducción.jpg,1,false
1350,a,Concurso EXPOCIENCIA,1,false
1353,a,Home - LRE,1,false
1355,a,Svejina Dimitrova,1,false
1358,a,diadelaciencia.jpg,1,false
1361,div,Tu timeline está vacío ¡Bienvenido al Virtual Science Hub! Desde aquí podrás compartir y enviar mens,1,false
1362,a,Nuria,1,false
1364,ul,Virtual Science Hub © 2013 condiciones ayuda idioma English Español 中文,1,false
1365,a,Mª de la Cruz González Porto,1,false
1367,img,580,1,false
1368,a,macoage,1,false
1369,a,Bea,1,false
1372,hr,Luis Vaquerizo and Jose Viñas are following each other.,1,false
1373,a,World Water Day: Water Cooperation,1,false
1374,img,457,1,false
1375,div,picture-modal-body-457,1,false
1376,img,Luis Vaquerizo,1,false
1379,a,http://www.amigoscc.es/wp-content/uploads/2013/04/cienciaweb.pdf,1,false
1380,a,5 Explanation.bmp,1,false
1382,a,Control and robotics,1,false
1383,a,8 Soldering.bmp,1,false
1384,p,LDR Light sensor. NTC Temperature sensor. Infrared barrier alarm. Conductivity sensor. Water sensor.,1,false
1385,a,Daniel Andres,1,false
1386,p,fusion,1,false
1390,font,ESQUEMA Añadir,1,false
1395,a,e-Science City virtual world,1,false
1396,a,Olga Ferro,1,false
1401,a,POSTER - NANOTECHNOLOGY & ENERGY & THE ENVIRONMENT.pdf,1,false
1405,a,ffff,1,false
1406,a,gloria,1,false
1407,img,645,1,false
1408,section,"Don't forget to sign up for the next ""Meet the scientist"" session on 24th of May 2013",1,false
1409,p,"Don't forget to sign up for the next ""Meet the scientist"" session on 24th of May 2013",1,false
1414,img,631,1,false
1415,img,630,1,false
1416,img,Stream20121002-8669-e2q25x,1,false
1421,div,/users/luisa,1,false
1423,a,National Parks In Hungary,1,false
1424,img,730,1,false
1428,a,4.JPG,1,false
1429,img,Stream20120910-10849-vs0rrb,1,false
1430,img,750,1,false
1432,img,K%c3%a9p20130524-10521-ecsu3g,1,false
1433,img,754,1,false
1434,a,Castles in Nógrád County,1,false
1435,a,7.JPG,1,false
1436,img,734,1,false
1437,a,kvéd3.JPG,1,false
1438,a,ONE MINUTE HUNGARY Maconka - reservoir,1,false
1441,a,3 Building.bmp,1,false
1442,a,bat.jpg,1,false
1446,img,294,1,false
1447,a,Worldwide Telescope,1,false
1448,a,Roja,1,false
1449,a,hydrogen_sun_fuel_future.jpg,1,false
1450,header,Marisa Castiñeira added ViSH as contact.,1,false
1451,div,Agnes Bocsok nice pictures ! 4 days ago,1,false
1453,a,IMG_0567.JPG,1,false
1456,a,cataratas-niagara2.jpg,1,false
1457,a,iguazu.jpg,1,false
1458,a,meandro.jpg,1,false
1460,div,picture-modal-body-643,1,false
1461,a,ONE MINUTE HUNGARY HOLLÓKŐ,1,false
1462,div,Maruzs László X 5 House of Nation A description of the Hungarian Parliament Building See details...,1,false
1463,hr,Maruzs László,1,false
1464,a,Erdőirtás,1,false
1466,a,The small history of the Earth,1,false
1467,a,8.jpg,1,false
1469,img,Ana Pons,1,false
1470,img,829,1,false
1471,img,799,1,false
1472,font,View All,1,false
1473,font,Parami,1,false
1475,a,tomar_sol.jpg,1,false
1477,font,Cerrar,1,false
1478,font,Engineering.PNG genética,1,false
1480,font,adn,1,false
1481,div,picture-modal-body-342,1,false
1484,img,846,1,false
1487,a,DSCN0170_corr_ch.jpg,1,false
1489,img,845,1,false
1490,a,vish-social_stream-mvc-normalize...,1,false
1491,a,pptico.exe,1,false
1492,a,maths.docx,1,false
1493,a,P2190001.JPG,1,false
1494,a,drinking water.pptx,1,false
1495,a,/excursions/284,1,false
1499,font,C: \ fakepath \ IMG_0071.JPG,1,false
1500,a,Semana de la ciencia,1,false
1502,div,picture-modal-body-116,1,false
1504,a,cover_large[1].jpg,1,false
1505,a,The city of sciences & arts in Valencia,1,false
1506,a,Ben Bastiaensen,1,false
1508,a,A vízszennyezés hatásai - Globális problémák.htm,1,false
1509,a,PAGINA-EN-CONSTRUCCION-PEQU.png,1,false
1510,a,vish_logo_drawing_600x600.png,1,false
1511,img,894,1,false
1513,div,picture-modal-body-894,1,false
1514,a,Th unusual suspects.jpg,1,false
1525,a,Unidad didáctica de docking de proteínas (cuaderno del alumno),1,false
1528,a,planets.gif,1,false
1529,div,picture-footer-159,1,false
1531,a,PhET Logo.gif,1,false
1532,b,areas de interés,1,false
1533,a,aquí,1,false
1534,div,Enrique We have deployed a new version of ViSH. You will find new functionalities all around. We hop,1,false
1535,hr,Zuzana added premysl velek as contact.,1,false
1536,header,Zuzana added premysl velek as contact.,1,false
1537,a,Lynx - Live Webcam,1,false
1538,a,Water sensor 3.jpg,1,false
1539,a,Carbon footprint,1,false
1540,a,hades,1,false
1543,div,nanotech example image←→CloseSee details...,1,false
1544,a,Caroline Neuberg,1,false
1545,header,Enrique X,1,false
1548,img,tina michetti,1,false
1549,a,Danuta Starikova,1,false
1551,div,Crazy EggGoogle Analytics,1,false
1552,a,Majada de los Gavilanes,1,false
1553,img,Stream20121002-2428-7htpzu,1,false
1554,img,Dna-animado,1,false
1557,div,6 Crowdsourcing Cells by Fermin 10560 views 4 /,1,false
1560,input,"Sin límite Texas Hold'em Hand, 15.00/30.00, Reqeduclet | BOOM! Hand Replayer",1,false
1562,a,Poster_tina_2_mars_2013_martyr_ecran.jpg,1,false
1564,div,5 Everything about ViSH V1 by Enrique 6 views 0 /,1,false
1566,font,Регенерации сердечной данио,1,false
1567,a,остановить,1,false
1569,a,Acebo en la Pedriza,1,false
1570,a,Pedriza,1,false
1571,div,naxos X hello less than a minute agoComment,1,false
1572,p,hello,1,false
1573,div,10 months agoComment,1,false
1574,header,Evita Tasiopoulou added Diego Carrera as contact.,1,false
1576,a,Legends in County Nógrád.pptx,1,false
1577,a,Álvaro,1,false
1578,a,arthur,1,false
1579,section,"network mytimelineTitle Your timeline is empty Welcome to ViSH! Post and share your thoughts, links,",1,false
1580,a,enc2013.jpg,1,false
1581,img,916,1,false
1582,a,energy_cities_2013.jpg,1,false
1583,p,Uploaded by Abel via Vish Editor,1,false
1585,a,test,1,false
1586,a,13.jpg,1,false
1589,img,Lourdes,1,false
1590,a,Quiz simple,1,false
1591,a,naxos,1,false
1592,a,summer_coco.png,1,false
1594,a,Richard D'Lonesteen,1,false
1596,a,mindent mutat,1,false
1597,a,hola,1,false
1600,a,Artem,1,false
1601,a,pulmones.gif,1,false
1602,b,areas of interest,1,false
1603,a,prueba2,1,false
1607,img,922,1,false
1608,a,Varma,1,false
1609,div,Viewed by users sharing your interests: 6 Demo by Varma 19 views 0 / view all,1,false
1610,a,Modelado kárstico,1,false
1612,a,thCA2GQIT7.jpg,1,false
1614,a,Ants curiosities,1,false
1615,a,Bez názvu.jpg,1,false
1616,div,tatasky.pngby Varma 0 views / 0,1,false
1617,img,926,1,false
1619,a,Hast,1,false
1620,li,national,1,false
1621,a,adsffa asdff,1,false
1622,a,IMG_0528.MOV,1,false
1623,a,Tyler Nguyen,1,false
1624,a,hotmoon,1,false
1627,div,embed-footer-17,1,false
1628,ul,ComputerScience,1,false
1630,a,GridCafe : The place for everybody to learn about grid computing,1,false
1632,a,Discurso del Presidente de Uruguay José Mugica,1,false
1633,a,vishub.org#link-modal-51,1,false
1634,a,Bisel method in Hungary,1,false
1635,a,Creation of embryonic stem cells,1,false
1636,div,Published: 0 excursions & 1 resources,1,false
1638,a,Ludmila,1,false
1640,a,Carlos,1,false
1641,a,Niina Srbinoska,1,false
1642,a,"PhET: Des simulations gratuites en physique, chimie, biologie, sciences de la Terre et mathématiques",1,false
1644,a,José Cantó Doménecj,1,false
1647,img,964,1,false
1648,img,962,1,false
1649,img,959,1,false
1650,a,SCIENCE ON STAGE - BECOME AN ALCHEMISTCopie.pptx,1,false
