Element ID,Tag name,Name,No. clicks,Visible?,Snapshot information
49,a,New message,12,true,Messages   •   http://vishub.org/conversations?box=inbox
52,a,Inbox (0),11,true,"created 8-2-2013   •   164 days 9 hours 18 mins   •   82 visits, 102 clicks"
146,hr,Entrada,9,false
79,div,"http://junior.edumedia-sciences.com/es/Mira Quique, no se si habías visto.. héchale un vistazo po...",6,true
10,img,Virtual Science Hub,5,true
15,i,iconnav-home,5,true
19,i,iconnav-followers,5,true
55,a,Sentbox,4,true
100,a,Join me watching this excursion at MashMeTV!,4,true
144,iframe,vishub.org/conversations/javascript:true;,4,false
34,a,Enrique,2,true
83,img,Delete,2,true
101,div,Click here to watch:,2,true
103,div,action offset to-r,2,true
150,a,Barbara Kieslinger,2,false
4,div,Virtual Science Hub Profile Settings Sign out EnriqueNew message Inbox (0) Sentbox TrashInbox crispi,1,true
5,div,Virtual Science Hub Profile Settings Sign out EnriqueNew message Inbox (0) Sentbox TrashInbox crispi,1,true
8,nav,Virtual Science Hub Profile Settings Sign out Enrique,1,true
14,a,vishub.org,1,true
20,a,btn-caret-dropdonw,1,true
21,span,caret,1,true
26,a,Settings,1,true
38,input,q,1,true
47,ul,New message Inbox (0) Sentbox Trash,1,true
48,li,New message,1,true
58,a,Trash,1,true
81,div,action offset to-r,1,true
88,div,Rafael García Gallego 8 months ago Join me watching this excursion at MashMeTV! Click here to watch:,1,true
119,button,language,1,true
127,img,es,1,true
141,ul,Perfil Ajustes Salir,1,false
142,a,mani,1,false
143,a,Aldo,1,false
145,div,Write your answer,1,false
147,hr,Participantes:,1,false
148,hr,Join me watching this excursion at MashMeTV!,1,false
149,a,testing,1,false
151,img,Barbara Kieslinger,1,false
152,a,vishub.org/conversations/141?box=inbox&location=inbox,1,false
153,textarea,body,1,false
154,img,placeintime,1,false
155,li,Mostrando el primer resultadoMás resultados para cancer >,1,false
