Element ID,Tag name,Name,No. clicks,Visible?,Snapshot information
107,a,links,120,true,Upload resource   •   http://vishub.org/documents/new
256,input,tagit-input ui-autocomplete-input,86,true,"created 8-2-2013   •   210 days 2 hours 9 mins   •   165 visits, 1171 clicks"
262,select,document[language],80,true
284,input,Save,75,true
109,a,embed,70,true
252,a,x,67,true
281,a,ui-corner-all ui-slider-handle ui-state-default,66,true
237,input,document[file],63,true
105,a,document,62,true
296,input,link[url],53,true
245,textarea,document[description],46,true
304,textarea,link[description],44,true
300,input,link[title],41,true
241,input,document[title],22,true
111,div,"1. Click on documents, links or embed tab. 2. If you want to upload a document, click on browse to c",20,true
10,img,Virtual Science Hub,17,true
355,input,embed[fulltext],14,true
250,ul,LifeSciencesxe-learningx,13,true
279,div,slider-range ui-corner-all ui-slider ui-slider-horizontal ui-widget ui-widget-content,12,true
248,label,Topics,10,true
282,a,ui-corner-all ui-slider-handle ui-state-default,10,true
359,input,embed[title],10,true
251,li,LifeSciencesx,8,true
4,div,Virtual Science Hub Profile Settings Sign out Enrique Change your avatar EnriqueProfile 23 followers,7,true
15,i,iconnav-home,7,true
124,div,Nanotechnology Life-Sciences ComputerScience LifeSciences Biology GridComputing Biotechnology Grid-C,7,true
591,select,link[language],7,false
38,input,q,6,true
363,textarea,embed[description],6,true
557,a,Biology,6,false
562,label,Temas,6,false
570,div,"Url Título Descripción Science, technology, environment and health news and discussion from the make",6,false
277,input,age,5,true
52,a,Profile,4,true
254,a,x,4,true
572,div,Título Descripción Temas BiotechnologyxLife-Sciencesx Idioma (No depende del lenguaje) Deutsch Engli,4,false
579,div,Título Descripción Temas No search results. Idioma (No depende del lenguaje) Deutsch English Español,4,false
253,li,e-learningx,3,true
563,img,Delannoy Thierry,3,false
564,div,Url Title Description Error loading Topics e-learningxsciencexchemistryx Language (Language independ,3,false
571,a,Marisa Castiñeira,3,false
578,span,No search results.,3,false
592,select,embed[language],3,false
5,div,Virtual Science Hub Profile Settings Sign out Enrique Change your avatar EnriqueProfile 23 followers,2,true
6,section,Virtual Science Hub Profile Settings Sign out Enrique Change your avatar EnriqueProfile 23 followers,2,true
11,a,Virtual Science Hub,2,true
12,nav,Profile Settings Sign out Enrique,2,true
103,ul,document links embed,2,true
255,li,tagit-new,2,true
534,button,language,2,true
548,img,Global,2,true
573,div,Url Título Descripción Esta semana en el programaAbriremos con un nuevo avance que aparece en la rev,2,false
594,div,Url Title Description Topics NanotechnologyxBiotechnologyxGrid-ComputingxLife-SciencesxHealthxEducat,2,false
17,i,iconnav-message,1,true
19,i,iconnav-followers,1,true
20,a,btn-caret-dropdonw,1,true
43,article,Change your avatar EnriqueProfile 23 followers 15 following document links embedUploading resources,1,true
46,div,Change your avatar,1,true
51,div,Enrique,1,true
76,img,Stream20120911-3319-1ahvhoz,1,true
84,img,Stream20120507-17935-1muhjgt,1,true
102,div,document links embed,1,true
110,div,"Uploading resources 1. Click on documents, links or embed tab. 2. If you want to upload a document,",1,true
232,div,Title Description Topics LifeSciencesxe-learningx Language (Language independent) Deutsch English Es,1,true
235,form,Title Description Topics LifeSciencesxe-learningx Language (Language independent) Deutsch English Es,1,true
249,div,LifeSciencesxe-learningx,1,true
347,div,Embed Title Description Topics LifeSciencesxe-learningx Language (Language independent) Deutsch Engl,1,true
487,a,Close,1,true
529,a,conditions,1,true
531,a,help,1,true
535,span,language,1,true
539,img,en,1,true
556,a,Iberian Lynx Video,1,false
558,div,Title Description Topics Language (Language independent) Deutsch English Español Français Italiano P,1,false
559,a,Nanogame,1,false
560,div,Embed Title Description Mars Science Laboratory Curiosity Rover Animation Topics Language (Language,1,false
561,a,tina michetti,1,false
565,img,E7d007397093d7256cdca3150243671e20121125-9825-18m54r3,1,false
566,a,4,1,false
567,input,Add tags,1,false
568,input,4 - 20,1,false
569,div,TitleDescriptionbio TopicsLanguage(Language independent) Deutsch English Español Français Italiano P,1,false
574,div,Url Título Descripción Portal web de la TV de la Usc Temas BiotechnologyxLife-Sciencesx Idioma (No d,1,false
575,a,Physics,1,false
576,img,garciap819,1,false
577,a,36 siguiendo,1,false
580,img,naxos,1,false
581,label,Edad,1,false
582,img,Stream20120710-29408-adahdu,1,false
583,a,Ver detalles...,1,false
584,div,Claudia Magdalena...,1,false
585,img,Stream20120427-31397-19lq015,1,false
586,a,Bezár,1,false
587,div,Embed Cím Leírás Témák Grid-Computingx Nyelv (Nyelv független) Deutsch English Español Français Ital,1,false
588,a,Lourdes,1,false
589,img,Carolina,1,false
590,a,science,1,false
593,div,"Title Description Topics 50 results are available, use up and down arrow keys to navigate.Nanotechno",1,false
