Element ID,Tag name,Name,No. clicks,Visible?,Snapshot information
1084,input,user[password],276,false,Profile   •   http://vishub.org/users/enrique
1087,input,user[email],194,false,"created 8-2-2013   •   220 days 5 hours 5 mins   •   2949 visits, 5816 clicks"
1097,img,Edit_icon,178,false
1086,input,user[name],173,false
1105,input,Sign in,129,false
10,img,Virtual Science Hub,116,true
1110,input,tagit-input ui-autocomplete-input,98,false
1083,input,user[email],91,false
1103,input,Send,90,false
1104,li,Nanotechnology,85,false
38,input,q,80,true
940,a,Close,79,true
1089,input,user[password],72,false
15,i,iconnav-home,64,true
52,a,Profile,63,true
886,a,Close,61,true
1113,a,mis,56,false
1200,input,Update,56,false
1436,a,Marisa Castiñeira,56,false
106,a,network,51,true
1090,a,Nanoscience,51,false
1268,a,red,51,false
130,a,add,50,true
1498,select,user[occupation],47,false
21,span,caret,46,true
245,a,upload,43,true
1123,input,user[password],43,false
111,img,Star-menu-active,41,true
5,div,Virtual Science Hub Profile Settings Sign out Enrique Change your avatar EnriqueProfile 23 followers,40,true
690,a,Follow,40,true
43,article,Change your avatar EnriqueProfile 23 followers 15 following network my excursions add view all add 3,39,true
1108,form,Name Email Password Confirm password Areas of interest Nanotechnology Life-Sciences ComputerScience,39,false
6,section,Virtual Science Hub Profile Settings Sign out Enrique Change your avatar EnriqueProfile 23 followers,38,true
1122,input,user[email],36,false
1378,a,vishub.org/users/jose-vinas#ex-3,36,false
1392,a,Geomorfología - Modelado glaciar.,36,false
1095,ul,devisetags tagList tagit ui-sortable,35,false
1503,input,Update,35,false
1115,a,Perfil,31,false
1449,a,En busca del ADN,30,false
1496,select,profile[occupation],30,false
1118,a,Ver detalles...,29,false
1085,a,Registrarse,28,false
138,img,Excursion-05,27,true
418,a,X,27,true
29,a,Sign out,26,true
689,div,Follow,26,true
1163,input,1,26,false
1305,a,Geomorfología Fluvial,25,false
1324,input,Update,25,false
355,input,Post,24,true
1269,input,filter,24,false
1270,a,Seguir,23,false
1394,a,Modelado kárstico,23,false
1500,a,vishub.org/users/kitti-varga#picture-modal-286,23,false
4,div,Virtual Science Hub Profile Settings Sign out Enrique Change your avatar EnriqueProfile 23 followers,22,true
1304,img,Jose Viñas,22,false
1389,a,Geomorfología Volcanica,22,false
50,a,Change your avatar,21,true
1091,input,Update,21,false
1220,a,vishub.org/users/marisa-castineira#ex-3,21,false
1259,a,ver todos,21,false
1272,input,Actualizar,21,false
1463,a,marmitasgigante.jpg,20,false
108,a,my,19,true
433,a,See details...,19,true
822,a,See details...,19,true
1198,a,ViSH for new teachers,19,false
1381,a,nurialro,19,false
1396,a,Geomorfología Litoral-Rodrigo Rubiños y Jorge Fernandez,19,false
192,img,Draft,18,true
203,a,view all,18,true
873,a,See details...,18,true
1116,a,Diet coke + mentos (Dispenser): Snack Experiments,18,false
1261,a,31 following,18,false
219,a,network,17,true
1206,select,profile[birthday(1i)],17,false
338,div,Title,16,true
1109,label,Areas of interest,16,false
1248,a,Chatzigiannis,16,false
1184,img,Delannoy Thierry,15,false
1233,div,in modal-backdrop,15,false
1252,a,Gina Mihai,15,false
669,a,Follow,14,true
692,a,view all,14,true
898,img,Star-off,14,true
1102,a,Forgot you password?,14,false
1203,input,profile[organization],14,false
771,a,See details...,13,true
1166,a,Microscopio óptico virtual,13,false
19,i,iconnav-followers,12,true
112,div,excursions,12,true
629,a,See details...,12,true
659,img,Close,12,true
742,button,language,12,true
1150,form,Email Contraseña,12,false
1190,a,mars-low-ridge_1070_600x450.jpg,12,false
1192,small,Dr. Emilio Castro was born in 1978 and obtained his PhD degree in Physics from University of Santiag,12,false
1204,select,profile[birthday(3i)],12,false
1205,select,profile[birthday(2i)],12,false
1358,a,Cerrar,12,false
1093,input,user[password_confirmation],11,false
1129,li,tagit-new,11,false
1215,span,Enrique,11,false
1273,small,"e-learning, Education, gamification",11,false
1318,a,Prueba,11,false
34,a,Enrique,10,true
94,img,User,10,true
737,a,conditions,10,true
856,a,See details...,10,true
1009,a,Close,10,true
1165,a,Cáncer de piel,10,false
1222,a,cover_large[1].jpg,10,false
1308,hr,Type the email address bound to your account and we will sent you instructions to change it:,10,false
1393,a,Riesgos Geológicos,10,false
1538,input,Update,10,false
1547,a,visitas /,10,false
3,img,feedback,9,true
7,header,Virtual Science Hub Profile Settings Sign out Enrique,9,true
128,input,filter,9,true
1114,a,Identificación bacteriana,9,false
1147,a,Fermin,9,false
1180,a,Human Body 3D,9,false
1256,a,Projet Solaire - élève.pdf,9,false
1279,div,Estos campos están vacíos. ¡Actualízalos!,9,false
1520,form,Name Email Password Confirm password Occupation area Select Education Science Other Areas of interes,9,false
1543,a,Gato,9,false
11,a,Virtual Science Hub,8,true
12,nav,Profile Settings Sign out Enrique,8,true
26,a,Settings,8,true
680,img,Close,8,true
711,p,"This excursion is about the Iberian Lynx, one of the most endangered cat species in the...",8,true
1155,div,4 sin leer,8,false
1207,input,profile[city],8,false
1225,a,"Soleil, source d'énergie",8,false
1281,textarea,profile[experience],8,false
1319,article,ViSHPerfil Enviar 15 seguidores 3 siguiendo red mis excursiones ver todos 8 Walkthrough excursion by,8,false
1325,div,user,8,false
1355,a,26 seguidores,8,false
1369,a,Carlos de Paz Villasenin,8,false
1433,a,IMG_0567.JPG,8,false
1434,a,Título de la excursión,8,false
1548,a,Lynx - Live Webcam,8,false
1619,a,Folgen,8,false
48,img,Enrique,7,true
156,img,Excursion-33,7,true
221,a,my,7,true
343,input,post[text],7,true
645,a,See more...,7,true
668,div,Follow,7,true
730,a,view all,7,true
743,span,language,7,true
798,a,Unfollow,7,true
1106,input,filter,7,false
1171,a,Dejar de seguir,7,false
1214,a,popular tags,7,false
1312,span,Zsoltné...,7,false
1314,div,"These fields are empty. Please, update them.",7,false
1326,a,Evita Tasiopoulou,7,false
1405,a,Marcelino Veiguela,7,false
1409,form,Email Password,7,false
1450,img,Stream20120910-10849-vs0rrb,7,false
1511,div,Change your avatar,7,false
8,nav,Virtual Science Hub Profile Settings Sign out Enrique,6,true
20,a,btn-caret-dropdonw,6,true
100,section,network my excursions add view all add 3 Enrique by Enrique 178 views 5 / 4 Nanogame by Enrique 46 v,6,true
150,img,Star-off10,6,true
176,li,Earth layers by Enrique 21 views 2 /,6,true
246,i,icontool16-tool16_arrow_7,6,true
396,img,Sandra Aguirre,6,true
417,div,X,6,true
707,a,Iberian Lynx,6,true
1078,a,Close,6,true
1094,div,tagBoxNew,6,false
1096,a,"vishub.org/users/theo/javascript:showSettings(""tags_info"");",6,false
1130,div,"Areas of interest LifeSciences, e-learning Nanotechnology Life-Sciences ComputerScience LifeSciences",6,false
1195,a,Genetic Engineering protocol,6,false
1224,button,Close Dialog,6,false
1274,textarea,profile[description],6,false
1284,div,Información de contacto,6,false
1363,a,Cinturón de fuego,6,false
1455,a,MiniPrep. Purificación de ADN plasmídico (plasmid DNA purification),6,false
1568,a,Lourdes,6,false
1592,a,Profil,6,false
1620,a,Daniela Schwarz,6,false
14,a,vishub.org,5,true
110,a,vishub.org/users#ex-3,5,true
129,div,add,5,true
131,i,icontool16-tool16_more,5,true
160,a,Nanogame,5,true
331,a,network,5,true
395,a,vishub.org/users/sandra,5,true
616,a,X,5,true
726,img,Close,5,true
744,span,caret,5,true
1079,a,See details...,5,true
1082,a,TJ-II Fusion reactor,5,false
1092,div,"Al hacer clic en Aceptar, estás aceptando nuestras Condiciones de Uso",5,false
1126,a,Drogas. Viaje a ninguna parte.,5,false
1134,a,22 following,5,false
1135,a,Webcam Doñana,5,false
1140,a,adn,5,false
1146,a,Duna-Ipoly Nemzeti Park.ppt,5,false
1182,a,Solar eclipse,5,false
1191,a,TROUS NOIRS,5,false
1216,div,Áreas de interés,5,false
1271,a,Ver más...,5,false
1277,small,"Madrid , Spain",5,false
1282,div,Información personal,5,false
1311,div,You have no favorite excursions yet. Mark any excursion as favorite by clicking the star icon,5,false
1315,input,Update,5,false
1330,a,Biotechnology,5,false
1374,a,Roja,5,false
1384,a,World Water Day: Water Cooperation,5,false
1400,div,TT_Close_Btn,5,false
1497,input,profile[website],5,false
1499,a,Send,5,false
1510,a,testing the drinking water,5,false
1519,input,Update,5,false
1578,form,Nombre Dedicación Select Education Science Other Organización Cumpleaños Day 1 2 3 4 5 6 7 8 9 10 11,5,false
1589,a,Current and Voltage Measurements,5,false
125,div,add 3 Enrique by Enrique 178 views 5 / 4 Nanogame by Enrique 46 views 1 / 5 Earth layers by Enrique,4,true
378,a,vishub.org/users/tina-michetti,4,true
541,a,See details...,4,true
648,hr,Suggestions,4,true
1088,form,Nombre Email Contraseña Confirmar contraseña Áreas de interés Nanotechnology Life-Sciences ComputerS,4,false
1128,a,Earthquake discovery,4,false
1131,a,Curiosity Flashcard,4,false
1133,img,Aldo,4,false
1138,a,Nograd cover enska 14 feb 2011.zip,4,false
1159,a,Crowdsourcing Cells,4,false
1164,a,Ibercivis,4,false
1167,a,Chemical Reactions,4,false
1173,a,Skin cancer,4,false
1174,a,tomar_sol_01-300x228.jpg,4,false
1217,small,"LifeSciences, e-learning",4,false
1263,a,Swiss Nano Cube: Nanorama-Loft,4,false
1285,small,e-Learning,4,false
1289,a,21 seguidores,4,false
1316,input,profile[country],4,false
1320,img,Stream20120505-13683-1faxzaf,4,false
1332,a,1 followers,4,false
1334,input,Update,4,false
1338,img,Star-on,4,false
1360,img,Stream20120426-30506-h5m9j,4,false
1372,a,El laboratorio de Microbiología es particular,4,false
1390,a,Geomorfología litoral,4,false
1395,a,pruebas de embeber,4,false
1410,label,Remember me,4,false
1411,label,Password,4,false
1421,a,Air rocket,4,false
1422,a,ONE MINUTE HUNGARY Maconka - reservoir,4,false
1432,div,Email Contraseña,4,false
1440,a,1 following,4,false
1495,a,Ben Bastiaensen,4,false
1540,a,garciap819,4,false
1545,div,http://1.bp.blogspot.com/_LgEMuvaGwpo/SkjMO1kn7dI/AAAAAAAAA98/qJ_6lRoQetE/s400/21.jpg,4,false
1562,img,Stream20121003-4239-isjgsz,4,false
1564,a,1,4,false
1566,img,Lourdes,4,false
1583,hr,Birthday:,4,false
1586,a,Automatizované systémy,4,false
1600,a,The electronic dice,4,false
1601,a,ViSH for InGenious teachers,4,false
1622,a,Siehe Details...,4,false
1645,small,"June 24, 1982",4,false
17,i,iconnav-message,3,true
23,a,Profile,3,true
33,img,Enrique,3,true
51,div,Enrique,3,true
124,a,view all,3,true
158,li,Nanogame by Enrique 46 views 1 /,3,true
186,img,Star-on10,3,true
197,div,by Enrique,3,true
202,div,view all,3,true
314,a,view all,3,true
334,div,timeline,3,true
362,img,Enrique,3,true
746,a,English,3,true
749,a,Español,3,true
805,a,See details...,3,true
1098,a,"vishub.org/users/theo/javascript:showSettings(""profile_info"");",3,false
1111,a,GridCafe : The place for everybody to learn about grid computing,3,false
1112,a,Problem Solving with George Polya - YouTube.mht,3,false
1136,a,Explore VolunteerCcomputing!,3,false
1139,a,Jose Viñas,3,false
1152,a,HOBOS - HOneyBee Online Studies: Portrait,3,false
1160,div,excursion,3,false
1168,a,The Scale Of The Universe,3,false
1169,a,The ViSHub,3,false
1179,a,A VERY PARTICULAR PHYSICS,3,false
1186,img,Walking_ascii,3,false
1202,input,Update,3,false
1210,div,"ComputerScience, e-learning, Multimedia, Nanoscience, science, Education, UserExperience, web",3,false
1221,a,janos bolyai mathematician_mp4 - YouTube.mht,3,false
1230,a,Cambridge Ideas - This Icy World,3,false
1234,a,POSTER - HOW IS NANO SPECIAL.pdf,3,false
1237,a,test,3,false
1238,a,6 following,3,false
1242,a,Claudia Magdalena Fabian,3,false
1243,a,2,3,false
1249,img,Kitti Varga,3,false
1253,a,L'évolution,3,false
1283,small,"Madrid , España",3,false
1288,div,Intereses,3,false
1293,a,following,3,false
1294,a,Orogenizador,3,false
1322,form,Nome Senha Confirmar senha Areas of interest Nanotechnology ComputerScience Life-Sciences LifeScienc,3,false
1328,a,robbutler999,3,false
1335,a,brocoli.gif,3,false
1362,a,11 siguiendo,3,false
1366,a,seguidores,3,false
1376,div,Estos campos están vacíos. ¡Actualízalos!,3,false
1380,ul,red mis,3,false
1385,a,¿Que ocurriría si retorciésemos una toalla mojada en órbita?,3,false
1386,li,Mostrando los primeros 7 resultados.Más resultados para josé viñas >,3,false
1417,a,vishub.org/users/barbara-kieslinger#repo-3,3,false
1435,a,Introducción aos fieitos,3,false
1439,a,Plans de Formación 2013-2014,3,false
1474,input,Update,3,false
1485,a,Cuco y otras aves cantando,3,false
1486,div,picture-modal-body-116,3,false
1492,img,876,3,false
1501,p,We have deployed a new version of ViSH. You will find new functionalities all around. We hope you li,3,false
1502,a,Virtual Tour Doñana,3,false
1517,a,Trou Noir,3,false
1518,a,environmental,3,false
1565,a,Animal Rights and vegan diet,3,false
1573,form,Nombre Email Contraseña Confirmar contraseña Dedicación Select Education Science Other Áreas de inte,3,false
1606,a,19 followers,3,false
1617,input,Aktualisieren,3,false
1621,a,Schließen,3,false
1634,small,Hozz létre fiókot a VISH-sel A VISH egy közösségi tudományos platform,3,false
1648,a,water foot.docx,3,false
1655,div,"These fields are empty. Please, update them.",3,false
1656,div,"These fields are empty. Please, update them.",3,false
1657,label,Organization,3,false
1663,small,-Researcher/independent consultant in aquaculture. -Trainer teacher in Science. - Head of Biology &,3,false
1667,small,35,3,false
1670,a,Nanomaterials,3,false
44,section,Change your avatar EnriqueProfile 23 followers 15 following,2,true
76,img,Stream20120911-26265-uv0d4v,2,true
79,a,15 following,2,true
116,input,filter,2,true
143,div,by Enrique,2,true
145,span,178 views,2,true
175,div,5,2,true
178,a,Earth layers,2,true
239,div,upload Nanogame.swfby Enrique 0 views / 0 Nanogame.swfby Enrique 1 views / 0 nanotech example imageb,2,true
254,div,Nanogame.swf,2,true
263,img,Star-off10,2,true
274,span,1 views / 0,2,true
333,a,my,2,true
341,form,new_post,2,true
383,a,Enrique,2,true
675,li,ViSH followers: 13 following: 3 Follow,2,true
683,div,followers: 13,2,true
696,div,"7 Iberian Lynx This excursion is about the Iberian Lynx, one of the most endangered cat species in t",2,true
710,img,Close,2,true
727,p,In this example we will see the features provides by ViSH editor,2,true
731,footer,Virtual Science Hub © 2013 conditions help language English Español 中文,2,true
735,li,Virtual Science Hub © 2013,2,true
739,a,help,2,true
754,div,push,2,true
769,a,→,2,true
872,a,Close,2,true
957,a,Close,2,true
1120,a,Barbara Kieslinger,2,false
1121,div,line,2,false
1132,a,Chess: The Art of Learning,2,false
1137,a,POSTER - NANOTECHNOLOGY & ENERGY & THE ENVIRONMENT.pdf,2,false
1142,img,Stream20120427-31397-19lq015,2,false
1144,div,picture-modal-body-9,2,false
1154,img,286,2,false
1156,div,tooltip-arrow,2,false
1157,i,iconnav-message iconnav-notification_message,2,false
1158,div,network my excursions add 4 Diet coke + mentos (Dispenser): Snack Experiments by Jose Viñas 330 view,2,false
1161,a,Doñana en profundidad,2,false
1170,a,El Lince Ibérico,2,false
1175,a,Climate Time Machine,2,false
1176,a,Desktop Grids,2,false
1177,a,"Aula ""Experimenta""",2,false
1181,a,Magnetic Resonance Imaging of Foods (Mobile),2,false
1188,img,user_demo,2,false
1193,a,Curiosity,2,false
1196,div,Unfollow,2,false
1199,hr,Profile,2,false
1211,input,Add tags,2,false
1212,label,Email,2,false
1226,a,"L'Elisir d'Amore: Act II Duet (Matthew Polenzani, Anna Netrebko)",2,false
1227,a,My first video uploaded with the iPhone ViSH App,2,false
1235,a,Under the Microscope,2,false
1241,a,Pedriza,2,false
1245,a,BARTHOLEYNS Jean-Pierre,2,false
1246,img,Stream20120529-7022-1nvn51x,2,false
1262,a,Quick Quiz 1: The Periodic Table,2,false
1280,div,Estos campos están vacíos. ¡Actualízalos! Teléfono Móvil Fax Dirección Correo electrónico Sitio web,2,false
1286,hr,Perfil,2,false
1295,a,Pendulum experiment,2,false
1296,form,¿Olvidaste tu contraseña? Registrarse,2,false
1298,a,552161_426959214006125_111955562_n.jpg,2,false
1302,a,#document-modal-458,2,false
1310,div,You have no favorite excursions yet. Mark any excursion as favorite by clicking the star icon view a,2,false
1317,form,edit_profile_62,2,false
1321,a,Doñana Views,2,false
1331,a,vishub.org/users/upcnet#ex-3,2,false
1337,div,←→CloseSee details...,2,false
1343,a,4873699.jpg,2,false
1344,a,IMG_0238.JPG,2,false
1349,a,Foto Grupo.JPG,2,false
1354,a,2 .jpg,2,false
1356,img,Víctor Sánchez,2,false
1357,a,Víctor Sánchez,2,false
1365,label,Confirmar contraseña,2,false
1367,a,siguiendo,2,false
1371,div,picture-modal-body-417,2,false
1382,a,índice.jpeg,2,false
1387,img,394,2,false
1388,img,Telescopio_observatorio_emilio20130212-19468-qjsxz8,2,false
1399,div,TT_Bg,2,false
1402,div,Sign-up,2,false
1404,a,uvTabLabel,2,false
1413,a,Aggteleki Nemzeti Park.ppt,2,false
1419,a,GLOBAL excursion presentation,2,false
1427,a,ONE MINUTE HUNGARY HOLLÓKŐ,2,false
1428,a,Zsoltné Fekete,2,false
1437,a,bat in caves,2,false
1445,a,jeju-do_571989[1].jpg,2,false
1454,img,Global,2,false
1458,font,Título de la excursión,2,false
1459,font,En busca del ADN,2,false
1460,a,Carta de F. Crick a su hijo en español,2,false
1461,input,filter,2,false
1462,a,vishub.org/users/marisa-castineira#repo-3,2,false
1464,a,Science Friday en español,2,false
1467,a,Flor de San Xoán Helichrysum stoechas,2,false
1468,a,"Herba Luísa, Reina Luísa, Verbena olorosa Aloysia_triphylla RickP",2,false
1471,a,David Attenborough (castellano).,2,false
1476,font,Camellia japonica,2,false
1477,div,picture-modal-body-839,2,false
1484,a,Become an Alchemist,2,false
1488,font,Flor de San Xoán Helichrysum stoechas,2,false
1490,font,fotos cuco.jpg,2,false
1491,div,picture-modal-body-876,2,false
1504,input,profile[phone],2,false
1505,input,profile[mobile],2,false
1507,input,Update,2,false
1516,img,Zuzana,2,false
1522,a,ViSH logo,2,false
1523,a,Social media icons,2,false
1524,font,Наук о жизни,2,false
1530,a,action,2,false
1535,font,язык,2,false
1542,img,Carolina,2,false
1546,a,Carolina,2,false
1553,a,medicine,2,false
1558,a,P5060072.JPG,2,false
1563,img,Abel,2,false
1567,img,912,2,false
1572,a,WebRTC,2,false
1575,a,CloudComputing,2,false
1579,a,Quiz simple,2,false
1580,input,user[password_confirmation],2,false
1587,a,action,2,false
1598,div,"* Rincon, Paul. ""[http://news.bbc.co.uk/2/hi/science/nature/8385891.stm Large Hadron Collider sets w",2,false
1603,a,/excursions/284,2,false
1609,img,Apple-logo20130104-6637-1y3whqb,2,false
1611,a,chemistry,2,false
1616,a,Life-Sciences,2,false
1618,input,Update,2,false
1626,input,Type here your areas of interest,2,false
1646,div,"Occupation area Education Organization Agora Birthday: June 24, 1982 Age: 31 Actual City: Madrid , S",2,false
1658,small,31,2,false
1659,hr,Age:,2,false
16,a,vishub.org/messages,1,true
30,i,icontool16-tool16_out_site,1,true
31,div,Enrique,1,true
37,form,header_search_form,1,true
55,div,23 followers,1,true
71,img,Stream20120507-13407-7han3z,1,true
78,div,15 following,1,true
84,img,Stream20120507-13407-7han3z,1,true
103,div,network my excursions add view all add 3 Enrique by Enrique 178 views 5 / 4 Nanogame by Enrique 46 v,1,true
140,li,Enrique by Enrique 178 views 5 /,1,true
142,a,Enrique,1,true
164,a,views,1,true
179,div,by Enrique,1,true
195,div,one draft to delete,1,true
214,a,view all,1,true
224,img,Star-menu-active,1,true
225,div,resources,1,true
229,input,filter,1,true
238,a,view all,1,true
244,div,upload,1,true
255,a,Nanogame.swf,1,true
258,span,0 views / 0,1,true
269,li,Nanogame.swfby Enrique 1 views / 0,1,true
287,a,nanotech example image,1,true
329,ul,network my,1,true
352,button,attachFileButton,1,true
365,a,Enrique,1,true
366,a,Jonathan Schofield,1,true
426,img,Excursion-33,1,true
577,a,See details...,1,true
634,a,Comment,1,true
646,section,Suggestions Daniel Gallego followers: 24 following: 6 Follow ViSH followers: 13 following: 3 Follow,1,true
653,img,Stream20120508-30758-1pdjip3,1,true
654,li,Daniel Gallego followers: 24 following: 6 Follow,1,true
674,img,Stream20120518-15514-1rw5zu0,1,true
677,a,ViSH,1,true
684,a,13,1,true
685,div,following: 3,1,true
686,a,3,1,true
703,img,Excursion-10,1,true
752,a,中文,1,true
768,div,→,1,true
788,a,See details...,1,true
804,a,Close,1,true
821,a,Close,1,true
838,a,Close,1,true
839,a,See details...,1,true
880,div,This is you!,1,true
887,a,See details...,1,true
904,a,Close,1,true
941,a,See details...,1,true
958,a,See details...,1,true
975,a,See details...,1,true
991,a,Close,1,true
992,a,See details...,1,true
1044,a,Close,1,true
1099,a,Desktop Grid Applications,1,false
1100,a,Desktop Grid,1,false
1101,a,theo,1,false
1107,input,filter,1,false
1117,a,Ana Pons,1,false
1119,a,vishub.org/users/sandra#repo-3,1,false
1124,em,I am a science and biology teacher. I love teeneagers' faces when they discover a new science achive,1,false
1125,div,I am a science and biology teacher. I love teeneagers' faces when they discover a new science achive,1,false
1127,img,Joerg Haas,1,false
1141,img,277,1,false
1143,a,17 followers,1,false
1145,img,9,1,false
1148,a,#document-modal-208,1,false
1149,div,document-modal-body-208,1,false
1151,a,HOBOS - HOneyBee Online Studies: Lehrer Schüler Eltern,1,false
1153,button,Close Dialog,1,false
1162,div,Remember me,1,false
1172,a,ordago.jpg,1,false
1178,a,Brain Surface Experiment,1,false
1183,a,Grid computing,1,false
1185,font,voir tous,1,false
1187,div,add,1,false
1189,a,Nanotechnology,1,false
1194,section,#repo-1,1,false
1197,font,4 hónappal ezelőtt,1,false
1201,div,Forgot you password? Register Invalid email or password.,1,false
1208,form,NanotechnologyComputerScienceLife-SciencesLifeSciencesBiotechnologyGridComputingBiologyGrid-Computin,1,false
1209,input,limit reached,1,false
1213,form,/legal_notice,1,false
1218,small,30,1,false
1219,a,/excursions/180,1,false
1223,div,Enrique followers: 25 following: 19 Follow,1,false
1228,a,Cambridge Ideas - Just Add Water,1,false
1229,a,Cambridge Ideas - The Emotional Computer,1,false
1231,a,POSTER - NANOTECHNOLOGY IN MEDICINE.pdf,1,false
1232,div,officedoc-modal-body-27,1,false
1236,a,Cambridge Ideas - Seven Ages of the Body,1,false
1239,img,Logocivis,1,false
1240,a,Juan Ramirez,1,false
1244,img,37,1,false
1247,input,filter,1,false
1250,img,Nettoyage-panneau-solaire,1,false
1251,img,Stream20120709-26467-1cfyhgr,1,false
1254,a,slide2.pptx,1,false
1255,a,Perfil,1,false
1257,a,Delannoy Thierry,1,false
1258,div,subir,1,false
1260,img,Ana320121019-25817-10nqutj,1,false
1264,a,IMG_4952.JPG,1,false
1265,a,BIFI - RRLAB Pendulum,1,false
1266,small,Crea tu cuenta con VISH VISH es una plataforma social de ciencia,1,false
1267,label,Nombre,1,false
1275,form,Nombre Organización Cumpleaños Day 1 2 3 4 5 6 7 8 9 10 11 12 13 14 15 16 17 18 19 20 21 22 23 24 25,1,false
1276,hr,Ciudad actual:,1,false
1278,a,"vishub.org/users/aldo/javascript:showSettings(""contact_info"");",1,false
1287,hr,Cumpleaños:,1,false
1290,a,vishub.org/contacts/607,1,false
1291,a,vishub.org/contacts/7624,1,false
1292,img,294,1,false
1297,img,crispin,1,false
1299,a,DSCN2387.JPG,1,false
1300,a,#picture-modal-415,1,false
1301,a,#repo-3,1,false
1303,label,Contraseña,1,false
1306,div,Name Email Password Confirm password Areas of interest Nanotechnology ComputerScience Life-Sciences,1,false
1307,small,Type the email address bound to your account and we will sent you instructions to change it:,1,false
1309,div,header-tabs,1,false
1313,span,Duna-Ipoly Nemzeti Park.ppt,1,false
1323,div,view all,1,false
1327,div,popular tags Nanotechnology Biotechnology Life-Sciences Grid-Computing,1,false
1329,img,Stream20120704-6522-10bdey2,1,false
1333,a,Eliza,1,false
1336,img,150,1,false
1339,a,music experiments,1,false
1340,a,Ahmet,1,false
1341,a,andra,1,false
1342,img,Facebook-logo,1,false
1345,a,Captura de pantalla 2013-03-29 a las 00.31.17.png,1,false
1346,a,g4.jpg,1,false
1347,a,IMG_0071.JPG,1,false
1348,a,100_6642.JPG,1,false
1350,a,g2.jpg,1,false
1351,a,GLOBAL_X_1.jpg,1,false
1352,a,images.jpg,1,false
1353,a,3044052268_0fb014245d_b.jpg,1,false
1359,img,Stream20120614-9273-ws74o2,1,false
1361,a,10 seguidores,1,false
1364,label,Name,1,false
1368,div,Publicados: 7 excursiones & 138 recursos,1,false
1370,a,biblioteca,1,false
1373,div,picture-footer-417,1,false
1375,div,Estos campos están vacíos. ¡Actualízalos!,1,false
1377,input,Helena Vidal Porto,1,false
1379,div,<a href='http://imgads.seriousads.net/ck.php?n=a1201d82&amp;cb=54751834' target='_blank'><img src='h,1,false
1383,a,Viaxe por un ordenador,1,false
1391,a,Ibercivis Monitoring system,1,false
1397,label,Confirm password,1,false
1398,hr,Your timeline is empty,1,false
1401,div,añadir,1,false
1403,small,more than 30 years teaching in vocational education,1,false
1406,a,gloria,1,false
1407,a,Polaridad Molecular,1,false
1408,img,Diego Carrera,1,false
1412,a,Control and robotics,1,false
1414,form,姓名 邮箱 密码 确定密码 Areas of interest Nanotechnology ComputerScience Life-Sciences LifeSciences Biotechnol,1,false
1415,a,Los cambios químicos,1,false
1416,a,ViSH para os novos profesores,1,false
1418,input,filter,1,false
1420,a,Introduction - Virtual world portal,1,false
1423,img,664,1,false
1424,a,Maruzs László,1,false
1425,a,Mathematical games,1,false
1426,div,Oscar S followers: 1 following: 0 Follow,1,false
1429,a,kvéd3.JPG,1,false
1430,div,picture-modal-body-649,1,false
1431,a,bat.jpg,1,false
1438,div,seguidores: 0siguiendo: 1Publicados: 0 excursiones & 0 recursosEste usuario no ha actualizado su bio,1,false
1441,div,btn-gray,1,false
1442,div,like_4330,1,false
1443,img,770,1,false
1444,a,llanuralauvial.JPG,1,false
1446,a,rapidos.jpg,1,false
1447,a,Domus Laboratory 2.jpeg,1,false
1448,div,¿Olvidaste tu contraseña? Registrarse Email o contraseña inválidos.,1,false
1451,a,#document-modal-459,1,false
1452,div,document-modal-body-459,1,false
1453,a,SCIENCE ON STAGE - BECOME AN ALCHEMISTCopie.pptx,1,false
1456,font,Marisa Castiñeira,1,false
1457,font,VER DETALLES ...,1,false
1465,a,GLOBAL excursion | global excursion project,1,false
1466,a,Erdőirtás,1,false
1469,div,añadir,1,false
1470,a,clonación orogenizador,1,false
1472,a,James Watson: Studio Session,1,false
1473,a,"#29 Oír, ver y degustar… y ¡James Watson!",1,false
1475,font,USC TV - Intervención de David Attenborough (vo).,1,false
1478,font,James Watson: Sesión de Estudio,1,false
1479,font,"Foto de ""ratos no LABORATORIO""",1,false
1480,img,769,1,false
1481,div,picture-modal-body-769,1,false
1482,div,picture-footer-769,1,false
1483,hr,Ingresar,1,false
1487,font,cover_large [1]. jpg,1,false
1489,div,btn-gray,1,false
1493,a,Michaela Liebhart,1,false
1494,a,Wolfgang Amadeus Mozart,1,false
1506,input,profile[address],1,false
1508,a,0 followers,1,false
1509,a,2 following,1,false
1512,div,Change your avatar,1,false
1513,a,Nanotechnology,1,false
1514,input,ebarra@dit.upm.es,1,false
1515,img,378_34472293515_2293_n20130607-21872-1uoa1ev,1,false
1521,a,Physics,1,false
1525,font,Нанотехнологии,1,false
1526,font,Биотехнология,1,false
1527,img,google.com/images/icons/product/translate-32.png,1,false
1528,a,Physics,1,false
1529,a,Everything about ViSH V1,1,false
1531,div,"These fields are empty. Please, update them.",1,false
1532,a,action,1,false
1533,font,сеть,1,false
1534,font,Последователи,1,false
1536,li,язык Английский Español,1,false
1537,div,Agnes Bocsok,1,false
1539,a,depeche-mode-hd-1-773802.jpg,1,false
1541,a,tt.jpg,1,false
1544,a,Otro gato,1,false
1549,div,embed-modal-body-5,1,false
1550,div,Centre for Social Innovation - ZSIPublicados: 1 excursiones & 16 recursosÁreas de interés: Nanotechn,1,false
1551,a,chemistry,1,false
1552,a,Physics,1,false
1554,a,Water sensor 3.jpg,1,false
1555,div,Water sensor 3.jpg←→CerrarVer detalles...,1,false
1556,a,TED Frontpage.bmp,1,false
1557,div,TED Frontpage.bmp←→CerrarVer detalles...,1,false
1559,img,Marisa Castiñeira,1,false
1560,div,"These fields are empty. Please, update them.",1,false
1561,a,Introduction to Android,1,false
1569,font,Profil,1,false
1570,font,A vízszennyezés hatásai - Globális problémák.htm,1,false
1571,a,CloudComputing,1,false
1574,a,Mobile,1,false
1576,a,Multimedia,1,false
1577,li,Hilfe,1,false
1581,div,Estos campos están vacíos. ¡Actualízalos!,1,false
1582,div,Intereses Estos campos están vacíos. ¡Actualízalos!,1,false
1584,a,vishub.org/contacts/12969,1,false
1585,a,Zuzana,1,false
1588,a,aquí,1,false
1590,a,Marianna Fenyvesi,1,false
1591,img,K%c3%a9p20130524-10521-ecsu3g,1,false
1593,img,Screen_shot_2013-02-21_at_5.09.23_pm20130221-10470-mc101m,1,false
1594,a,Brian Allen,1,false
1595,div,Gatoby Carolina 6 visitas / 0,1,false
1596,a,vishub.org/users#embed-modal-17,1,false
1597,a,Embed example,1,false
1599,div,embed-footer-18,1,false
1602,a,Bisel method in Hungary,1,false
1604,a,how_much_water_does_your_family_sepnd.pdf,1,false
1605,a,green_earth-300x300.png,1,false
1607,a,visitas,1,false
1608,input,Update,1,false
1610,a,lynx.jpg,1,false
1612,a,Computer Scienc,1,false
1613,a,Biology,1,false
1614,a,Biotechnology,1,false
1615,a,Biotechnology,1,false
1623,span,No search results.,1,false
1624,a,Biology,1,false
1625,a,Biology,1,false
1627,a,Mobile,1,false
1628,a,science,1,false
1629,a,SHELL_inGenious-Superbenz_Workshops_ES.pdf,1,false
1630,a,Luis Vaquerizo,1,false
1631,a,Nanotechnology,1,false
1632,div,uservoice.com/?utm_campaign=footer_poweredby&amp%3Butm_medium=widget2&amp%3Butm_source=vish.uservoice.com,1,false
1633,button,Close Dialog,1,false
1635,a,Kövesd,1,false
1636,a,7,1,false
1637,a,Varga Nikolett,1,false
1638,a,Profil,1,false
1639,input,Update,1,false
1640,a,InGenious Practices,1,false
1641,img,954,1,false
1642,a,P5060069.JPG,1,false
1643,a,Olga Ferro,1,false
1644,img,Stream20120706-3674-1ppqpef,1,false
1647,form,Phone Mobile Fax Address E-mail Website,1,false
1649,a,Agnes Bocsok,1,false
1650,a,Újgenerációs kémia | Sulinet Hírmagazin,1,false
1651,a,Microscope. parts and functions,1,false
1652,small,"I have been teaching Chemistry, Physics and basic Tech at secondary school level for 24 four years.",1,false
1653,hr,Occupation area,1,false
1654,hr,Organization,1,false
1660,hr,Website,1,false
1661,small,http://www.edu.xunta.es/centros/iesdavidbujan/,1,false
1662,small,Agora,1,false
1664,small,I am a science and biology teacher. I love teeneagers' faces when they discover a new science achive,1,false
1665,small,"June 04, 1978",1,false
1666,hr,Actual City:,1,false
1668,hr,About me:,1,false
1669,small,Universidade do Minho,1,false
