Element ID,Tag name,Name,No. clicks,Visible?,Snapshot information
25,input,q,489,true,Frontpage   •   http://vishub.org/
12,input,user[email],319,true,"created 11-2-2013   •   217 days 4 hours 45 mins   •   3569 visits, 3266 clicks"
14,input,Ingresar,291,true
13,input,user[password],240,true
33,a,excursiones,223,true
31,a,recursos,165,true
46,img,Excursion-10,154,true
16,a,Registrarse,115,true
4,div,¿Olvidaste tu contraseña? Registrarse Virtual Science Hub recursos excursiones usuarios organizacion,106,true
64,img,Excursion-53,98,true
35,a,usuarios,72,true
20,div,logo-frontpage,67,true
82,img,Excursion-42,65,true
150,button,idioma,59,true
37,a,organizaciones,53,true
151,span,idioma,49,true
19,section,main,48,true
55,img,Excursion-00,41,true
100,img,Excursion-81,41,true
73,img,Excursion-03,38,true
21,p,Virtual Science Hub,37,true
91,img,Excursion-12,36,true
38,section,Mejores 10 7 Iberian Lynx 8 Walkthrough... 1 Human Body 3D 4 Diet coke +... 2 Ferrets! 1 Curiosity..,23,true
18,article,Virtual Science Hub recursos excursiones usuarios organizaciones,20,true
138,div,push,14,true
147,a,ayuda,14,true
154,a,English,14,true
198,li,Mostrando os primeiros 0 resultados.Veja mais resultados para 10.1055/s-2007-99... >,14,false
15,a,¿Olvidaste tu contraseña?,13,true
145,a,condiciones,13,true
5,section,¿Olvidaste tu contraseña? Registrarse Virtual Science Hub recursos excursiones usuarios organizacion,12,true
109,img,Excursion-05,11,true
157,a,Español,11,true
174,button,Close Dialog,11,false
204,div,x,11,false
127,img,Excursion-42,10,true
137,a,www.globalexcursion-project.eu/?p=622,10,true
3,img,feedback,9,true
167,img,Facebook-logo,9,true
180,div,excursion,9,false
6,header,¿Olvidaste tu contraseña? Registrarse,8,true
11,div,Sign-up,8,true
49,a,Iberian Lynx,8,true
136,p,"Durante febrero, el proyecto GLOBAL excursion va a organizar dos sesiones online con científicos. Má",8,true
152,span,caret,8,true
22,div,search-frontpage,7,true
118,img,Excursion-07,7,true
143,li,Virtual Science Hub © 2013,7,true
39,div,Mejores 10 7 Iberian Lynx 8 Walkthrough... 1 Human Body 3D 4 Diet coke +... 2 Ferrets! 1 Curiosity..,6,true
135,button,×,6,true
164,img,Global,6,true
67,a,Human Body 3D,5,true
83,div,2,5,true
172,ul,Virtual Science Hub © 2013 conditions help language English Español 中文,5,false
173,div,shadowMeasureIt,5,false
202,a,uvTabLabel,5,false
47,div,7,4,true
65,div,1,4,true
158,img,es,4,true
160,a,中文,4,true
218,button,Close Dialog,4,false
2,a,vishub.org/javascript:return,3,true
40,div,Mejores 10,3,true
56,div,8,3,true
58,a,Walkthrough...,3,true
155,img,en,3,true
169,img,Twitter,3,true
170,p,"In the course of February, the GLOBAL excursion project is organizing two live online sessions with",3,false
178,div,4 views,3,false
191,div,user,3,false
207,a,Descargar el manual de usuario,3,false
9,form,¿Olvidaste tu contraseña? Registrarse,2,true
34,div,usuarios,2,true
76,a,Diet coke +...,2,true
94,a,Curiosity...,2,true
103,a,Chess: The Art...,2,true
130,a,Webcam Doñana,2,true
131,section,"Noticia × Durante febrero, el proyecto GLOBAL excursion va a organizar dos sesiones online con cient",2,true
171,button,Close Dialog,2,false
183,a,Crowdsourcing Cells,2,false
186,font,език,2,false
192,img,Stream20120911-3319-1ahvhoz,2,false
208,a,Powered by UserVoice,2,false
210,a,Microscopio...,2,false
8,div,¿Olvidaste tu contraseña? Registrarse,1,true
27,li,loading,1,true
32,div,excursiones,1,true
36,div,organizaciones,1,true
57,div,Walkthrough...,1,true
66,div,Human Body 3D,1,true
74,div,4,1,true
85,a,Ferrets!,1,true
89,div,1 Curiosity...,1,true
112,a,Enrique,1,true
119,div,3,1,true
121,a,Doñana Views,1,true
134,div,Noticia,1,true
139,footer,Virtual Science Hub © 2013 condiciones ayuda idioma English Español 中文,1,true
141,nav,Virtual Science Hub © 2013 condiciones ayuda idioma English Español 中文,1,true
153,li,English,1,true
175,div,img,1,false
176,img,240px-the_earth_seen_from_apollo_17,1,false
177,a,pedro jose,1,false
179,a,Kinkaku-ji,1,false
181,a,AS Biology_ all chapters.ppt,1,false
182,a,Climate Time Machine,1,false
184,a,Sue Murkett,1,false
185,div,fbInspectFrame,1,false
187,li,/session_locale?new_locale=en,1,false
188,div,Close Dialog,1,false
189,a,Barbara Kieslinger,1,false
190,div,Forgot you password? Register,1,false
193,a,ViSH para os novos profesores,1,false
194,li,vish usuario seguidores: 3,1,false
195,a,Jose Viñas,1,false
196,div,Cerraste sesión correctamente.,1,false
197,div,¿Olvidaste tu contraseña? Registrarse Changed language to Español,1,false
199,img,Screen_shot_2013-02-21_at_5.09.23_pm20130221-10470-mc101m,1,false
200,a,Luis Vaquerizo,1,false
201,a,¿Como estimamos la...,1,false
203,a,excursión de prueba,1,false
205,a,Jonathan Schofield,1,false
206,div,x Changed language to English,1,false
209,font,Регистрация,1,false
211,img,User,1,false
212,div,post,1,false
213,a,Helloin Brooklyn Heights (United States),1,false
214,a,BIFI - RRLAB Pendulum,1,false
215,a,Pendulum experiment,1,false
216,a,Azat,1,false
217,a,Juan Quemada,1,false
219,img,hu,1,false
220,a,Creation of embryonic stem cells,1,false
221,a,Test,1,false
222,font,язык,1,false
223,font,помощь,1,false
